-- phpMyAdmin SQL Dump
-- version 4.7.0
-- https://www.phpmyadmin.net/
--
-- Host: 127.0.0.1
-- Generation Time: 2018 年 3 朁E26 日 09:20
-- サーバのバージョン： 10.1.24-MariaDB
-- PHP Version: 7.1.6

SET SQL_MODE = "NO_AUTO_VALUE_ON_ZERO";
SET AUTOCOMMIT = 0;
START TRANSACTION;
SET time_zone = "+00:00";


/*!40101 SET @OLD_CHARACTER_SET_CLIENT=@@CHARACTER_SET_CLIENT */;
/*!40101 SET @OLD_CHARACTER_SET_RESULTS=@@CHARACTER_SET_RESULTS */;
/*!40101 SET @OLD_COLLATION_CONNECTION=@@COLLATION_CONNECTION */;
/*!40101 SET NAMES utf8mb4 */;

--
-- Database: `test`
--

-- --------------------------------------------------------

--
-- テーブルの構造 `code_master`
--

CREATE TABLE `code_master` (
  `cdmst_id` int(11) NOT NULL,
  `cdmst` text CHARACTER SET utf8 NOT NULL
) ENGINE=InnoDB DEFAULT CHARSET=latin1;

--
-- テーブルのデータのダンプ `code_master`
--

INSERT INTO `code_master` (`cdmst_id`, `cdmst`) VALUES
(1, 'E (製品製造業務)'),
(2, 'D (製品開発業務)'),
(3, 'R (研究開発業務)'),
(4, 'S (販売促進・技術支援)'),
(5, 'J (事務・その他)'),
(6, 'Z (受託開発業務)');

-- --------------------------------------------------------

--
-- テーブルの構造 `dbcode`
--

CREATE TABLE `dbcode` (
  `code_id` int(11) NOT NULL,
  `master_id` int(11) NOT NULL,
  `code` text CHARACTER SET utf8 NOT NULL
) ENGINE=InnoDB DEFAULT CHARSET=latin1;

--
-- テーブルのデータのダンプ `dbcode`
--

INSERT INTO `dbcode` (`code_id`, `master_id`, `code`) VALUES
(1, 1, 'EA0001 and.Tシステム運用(管理/監視/Patch当てなど)'),
(8, 1, 'E20090 和光市and.Tサポート'),
(9, 2, 'DH1601 HLK5.11.0 HardlockeyシリーズOffice2016対応'),
(10, 1, 'E10675 東みよし市and.Tサポート'),
(11, 1, 'E30276 三好市and.Tサポート'),
(12, 1, 'E30133 横浜雙葉学園法人本部and.Tサポート'),
(13, 1, 'E30500 只見町and.Tサポート'),
(14, 1, 'E40013 新地町and.Tサポート'),
(15, 1, 'E40474 中井町and.Tサポート'),
(16, 1, 'E40112 猪名川町and.Tサポート'),
(17, 1, 'E40778 東大和市and.Tサポート'),
(18, 1, 'E50131 鴻巣市and.Tサポート'),
(19, 1, 'E50165 大井町and.Tサポート'),
(20, 1, 'E50166 開成町and.Tサポート'),
(21, 1, 'E50247 座間市and.Tサポート'),
(22, 1, 'E50288 伊勢原市and.Tサポート'),
(23, 1, 'E50319 逗子市and.Tサポート'),
(24, 1, 'E50739 能勢町and.Tサポート'),
(25, 1, 'EH0001 Hardlockey焼きこみツール作成など'),
(26, 1, 'EA0001 and.Tツール作成など'),
(27, 2, 'DT1602 HLS1.1.0 HardlockeyスマートOffice2016対応'),
(28, 3, 'RH0001 Hardlockey調査研究'),
(29, 3, 'RA0001 and.T調査研究'),
(30, 3, 'RA1401 OwnCloudを使った研究開発'),
(31, 3, 'RA1403 スマホ・タブレットＰＣ認証方法研究開発'),
(32, 3, 'RA1402 RDSの研究開発'),
(33, 3, 'RA1404 AWSの調査研究'),
(34, 3, 'RA1405 SDNの調査研究'),
(35, 3, 'RA1406 Azure ADの調査研究'),
(36, 4, 'S00001 社内部門への技術支援'),
(37, 4, 'S00002 社外への技術支援'),
(38, 4, 'SH0001 Hardlockey障害対応'),
(39, 4, 'SA0001 and.T障害対応'),
(40, 4, 'SA0002 and.T共同検証'),
(41, 4, 'SA0003 and.Tラボ環境サポート(ICT-P,活用支援、CC）'),
(42, 4, 'SI0001 相模原以外の旧ICTe@顧客サポート'),
(43, 5, 'J00001 事務処理(勤怠表、原価表、交通費など提出物作成）'),
(44, 5, 'J00002 部門会議、企画会議など'),
(45, 5, 'J00003 業務改善/効率化'),
(46, 5, 'J00004 教育/習得(OJT,勉強会,学習機会)'),
(47, 5, 'J00005 会社行事'),
(48, 6, 'ZI0001 e-ネットSAGAMIサポート');

-- --------------------------------------------------------

--
-- テーブルの構造 `dbmain`
--

CREATE TABLE `dbmain` (
  `username` text CHARACTER SET utf8 NOT NULL,
  `year` int(11) NOT NULL,
  `month` int(11) NOT NULL,
  `date` int(11) NOT NULL,
  `start_h` int(11) NOT NULL,
  `start_m` int(11) NOT NULL,
  `end_h` int(11) NOT NULL,
  `end_m` int(11) NOT NULL,
  `time` int(11) NOT NULL,
  `code` text CHARACTER SET utf8 NOT NULL,
  `work` text CHARACTER SET utf8 NOT NULL
) ENGINE=InnoDB DEFAULT CHARSET=latin1;

--
-- テーブルのデータのダンプ `dbmain`
--

INSERT INTO `dbmain` (`username`, `year`, `month`, `date`, `start_h`, `start_m`, `end_h`, `end_m`, `time`, `code`, `work`) VALUES
('aaa', 2017, 11, 13, 11, 0, 11, 30, 1, 'J0001 ??', '????'),
('bbb', 2017, 11, 13, 11, 0, 11, 30, 1, 'J0002 事務', 'レポート');

-- --------------------------------------------------------

--
-- テーブルの構造 `dbtest`
--

CREATE TABLE `dbtest` (
  `username` text NOT NULL,
  `password` text NOT NULL
) ENGINE=InnoDB DEFAULT CHARSET=latin1;

--
-- テーブルのデータのダンプ `dbtest`
--

INSERT INTO `dbtest` (`username`, `password`) VALUES
('aaa', '123'),
('aaa', '123'),
('bb', '123'),
('jir', '12'),
('taro', '123'),
('saburo', '123'),
('shiro', '123'),
('aaaa', '123'),
('kou', '1234'),
('ichiro', '1234'),
('ichirou', '1234'),
('ichi', '1234'),
('ich', '1234'),
('james', '123'),
('eee', '123'),
('aaaaa', '123'),
('sss', '1234'),
('aaaaaa', '123'),
('ddd', '1234'),
('daichi', '1234'),
('aab', 'aaa');

-- --------------------------------------------------------

--
-- テーブルの構造 `dbwork`
--

CREATE TABLE `dbwork` (
  `task_id` int(11) NOT NULL,
  `task` text CHARACTER SET utf8 COLLATE utf8_german2_ci NOT NULL,
  `code_id` int(11) NOT NULL
) ENGINE=InnoDB DEFAULT CHARSET=latin1;

--
-- テーブルのデータのダンプ `dbwork`
--

INSERT INTO `dbwork` (`task_id`, `task`, `code_id`) VALUES
(1, '作業\r\n', 0),
(2, 'コーディング\r\n', 0),
(2, '議事録', 1),
(3, '打ち合わせ', 1),
(0, '勉強', 1),
(0, '会議', 1),
(2, '事務', 1);

-- --------------------------------------------------------

--
-- テーブルの構造 `petamain`
--

CREATE TABLE `petamain` (
  `Uid` int(11) NOT NULL,
  `year` int(11) NOT NULL,
  `month` int(11) NOT NULL,
  `day` int(11) NOT NULL,
  `start` time NOT NULL,
  `end` time NOT NULL,
  `time` time NOT NULL,
  `task_id` int(11) NOT NULL,
  `task` text CHARACTER SET utf8 NOT NULL
) ENGINE=InnoDB DEFAULT CHARSET=latin1;

--
-- テーブルのデータのダンプ `petamain`
--

INSERT INTO `petamain` (`Uid`, `year`, `month`, `day`, `start`, `end`, `time`, `task_id`, `task`) VALUES
(1, 2017, 12, 3, '09:00:00', '10:00:00', '01:00:00', 2, 'Hardlockeyスクエア');

-- --------------------------------------------------------

--
-- テーブルの構造 `petauser`
--

CREATE TABLE `petauser` (
  `Uid` int(11) NOT NULL,
  `Name` text CHARACTER SET utf8 NOT NULL,
  `password` text NOT NULL
) ENGINE=InnoDB DEFAULT CHARSET=latin1;

--
-- テーブルのデータのダンプ `petauser`
--

INSERT INTO `petauser` (`Uid`, `Name`, `password`) VALUES
(1, 'Ichiro', 'Abc234'),
(2, 'Ichiro00', '123'),
(3, 'ssss', 'aaaa'),
(4, 'saito', '1234'),
(5, 'sssssssssss', 'aaaa'),
(6, 'sssss', 'aaa'),
(7, 'ccc', 'aa'),
(8, 'abc', '321'),
(9, 'aaaa', '1234');

-- --------------------------------------------------------

--
-- テーブルの構造 `sample`
--

CREATE TABLE `sample` (
  `work_id` int(11) NOT NULL,
  `Userid` int(11) NOT NULL,
  `obj` text CHARACTER SET utf8 NOT NULL,
  `master_code` int(11) NOT NULL,
  `sub_code` int(11) NOT NULL,
  `day` date NOT NULL,
  `start` time NOT NULL,
  `ends` time NOT NULL,
  `break` time NOT NULL,
  `sumtime` time NOT NULL,
  `del` int(11) NOT NULL
) ENGINE=InnoDB DEFAULT CHARSET=latin1;

--
-- テーブルのデータのダンプ `sample`
--

INSERT INTO `sample` (`work_id`, `Userid`, `obj`, `master_code`, `sub_code`, `day`, `start`, `ends`, `break`, `sumtime`, `del`) VALUES
(1, 3, 'sss', 1, 1, '2018-01-19', '09:00:00', '11:10:00', '00:50:00', '01:20:00', 0),
(2, 3, 'aaa', 2, 9, '2018-01-19', '11:10:00', '14:30:00', '00:00:00', '03:20:00', 0),
(3, 3, 'd', 1, 1, '2018-01-19', '09:00:00', '09:20:00', '00:00:00', '00:20:00', 0),
(4, 3, 'd', 1, 1, '2018-01-19', '09:00:00', '10:30:00', '00:00:00', '01:30:00', 0),
(5, 3, 'sss', 1, 1, '2018-01-22', '08:50:00', '09:20:00', '00:00:00', '00:30:00', 0),
(6, 3, 'sss', 1, 1, '2018-01-22', '09:00:00', '10:20:00', '00:00:00', '01:20:00', 0),
(7, 3, '', 1, 1, '2018-01-22', '08:50:00', '09:10:00', '00:00:00', '00:20:00', 0),
(8, 3, '', 1, 8, '2018-01-22', '09:00:00', '11:00:00', '00:00:00', '02:00:00', 0),
(9, 3, 'l', 1, 8, '2018-01-22', '09:00:00', '11:00:00', '00:00:00', '02:00:00', 0),
(10, 3, 'fff', 2, 9, '2018-01-22', '11:00:00', '13:00:00', '00:00:00', '02:00:00', 0),
(11, 3, 'l', 1, 8, '2018-01-23', '09:00:00', '10:30:00', '00:00:00', '01:30:00', 0),
(12, 3, 's', 1, 1, '2018-01-23', '08:50:00', '09:20:00', '00:00:00', '00:30:00', 0),
(13, 3, '?', 1, 1, '2018-01-23', '09:00:00', '09:20:00', '00:00:00', '00:20:00', 0),
(14, 3, '?', 1, 1, '2018-01-23', '09:00:00', '09:30:00', '00:00:00', '00:30:00', 0),
(15, 3, '?', 1, 8, '2018-01-23', '08:50:00', '09:20:00', '00:00:00', '00:30:00', 0),
(16, 3, '?', 2, 9, '2018-01-23', '09:20:00', '11:20:00', '00:00:00', '02:00:00', 0),
(17, 3, '?', 2, 9, '2018-01-23', '09:00:00', '09:20:00', '00:00:00', '00:20:00', 0),
(18, 3, '?', 1, 8, '2018-01-23', '09:20:00', '11:20:00', '00:00:00', '02:00:00', 0),
(19, 3, '?', 1, 1, '2018-01-23', '09:00:00', '09:20:00', '00:00:00', '00:20:00', 0),
(20, 3, '?', 1, 1, '2018-01-23', '08:50:00', '09:30:00', '00:00:00', '00:40:00', 0),
(21, 3, '?', 1, 1, '2018-01-23', '08:50:00', '09:30:00', '00:00:00', '00:40:00', 0),
(22, 3, 'd', 1, 1, '2018-01-23', '09:00:00', '09:30:00', '00:00:00', '00:30:00', 0),
(23, 3, 'd', 1, 8, '2018-01-23', '08:50:00', '09:20:00', '00:00:00', '00:30:00', 0),
(24, 3, 'f', 1, 8, '2018-01-23', '09:20:00', '09:30:00', '00:00:00', '00:10:00', 0),
(25, 3, 'sss', 1, 1, '2018-01-23', '09:30:00', '00:00:00', '00:00:00', '00:00:00', 0),
(26, 3, 'dd', 1, 8, '2018-01-23', '08:50:00', '11:50:00', '00:00:00', '03:00:00', 0),
(27, 3, '', 1, 1, '2018-01-23', '09:00:00', '09:20:00', '00:00:00', '00:20:00', 0),
(28, 3, 'f', 1, 1, '2018-01-23', '09:00:00', '09:20:00', '00:00:00', '00:20:00', 0),
(29, 3, 'f', 1, 1, '2018-01-23', '09:00:00', '09:20:00', '00:00:00', '00:20:00', 0),
(30, 3, 'ff', 2, 9, '2018-01-23', '09:00:00', '09:40:00', '00:00:00', '00:40:00', 0),
(31, 3, 'f', 1, 1, '2018-01-23', '08:50:00', '09:20:00', '00:00:00', '00:30:00', 0),
(32, 3, 'hjj', 1, 8, '2018-01-23', '09:00:00', '09:20:00', '00:00:00', '00:20:00', 0),
(33, 3, 'uuu', 2, 9, '2018-01-23', '09:00:00', '09:20:00', '00:00:00', '00:20:00', 0),
(34, 3, 'd', 1, 1, '2018-01-23', '08:50:00', '09:20:00', '00:00:00', '00:30:00', 0),
(35, 3, 'f', 2, 9, '2018-01-23', '08:50:00', '09:20:00', '00:00:00', '00:30:00', 0),
(36, 3, '?', 1, 1, '2018-01-23', '09:00:00', '09:00:00', '00:00:00', '00:00:00', 0),
(37, 3, '?', 1, 8, '2018-01-23', '09:00:00', '09:30:00', '00:00:00', '00:30:00', 0),
(38, 3, '?', 1, 1, '2018-01-23', '09:00:00', '09:10:00', '00:00:00', '00:10:00', 0),
(39, 3, '?', 1, 1, '2018-01-23', '09:00:00', '09:10:00', '00:00:00', '00:10:00', 0),
(40, 3, '?', 1, 1, '2018-01-23', '09:00:00', '09:10:00', '00:00:00', '00:10:00', 0),
(41, 3, '?', 1, 1, '2018-01-23', '09:00:00', '09:10:00', '00:00:00', '00:10:00', 0),
(42, 3, '?', 1, 8, '2018-01-23', '09:00:00', '09:20:00', '00:00:00', '00:20:00', 0),
(43, 3, '?', 1, 8, '2018-01-23', '09:00:00', '09:20:00', '00:00:00', '00:20:00', 0),
(44, 3, '?', 1, 8, '2018-01-23', '09:00:00', '09:20:00', '00:00:00', '00:20:00', 0),
(45, 3, '?', 1, 8, '2018-01-23', '09:00:00', '09:20:00', '00:00:00', '00:20:00', 0),
(46, 3, '?', 1, 1, '2018-01-23', '09:00:00', '09:10:00', '00:00:00', '00:10:00', 0),
(47, 3, '?', 1, 1, '2018-01-23', '09:00:00', '09:10:00', '00:00:00', '00:10:00', 0),
(48, 3, '?', 1, 1, '2018-01-23', '09:00:00', '09:10:00', '00:00:00', '00:10:00', 0),
(49, 3, '?', 1, 1, '2018-01-23', '09:00:00', '09:10:00', '00:00:00', '00:10:00', 0),
(50, 3, '?', 1, 1, '2018-01-23', '09:00:00', '09:10:00', '00:00:00', '00:10:00', 0),
(51, 3, '', 2, 9, '2018-01-23', '09:00:00', '09:50:00', '00:00:00', '00:50:00', 0),
(52, 3, 'k', 1, 8, '2018-01-23', '08:50:00', '09:30:00', '00:00:00', '00:40:00', 0),
(53, 3, 'm', 2, 9, '2018-01-23', '09:30:00', '09:50:00', '00:00:00', '00:20:00', 0),
(54, 3, '', 1, 1, '2018-01-23', '09:00:00', '09:30:00', '00:00:00', '00:30:00', 0),
(55, 3, '?', 1, 8, '2018-01-23', '09:30:00', '11:10:00', '00:00:00', '01:40:00', 0),
(56, 3, '?', 1, 8, '2018-01-23', '09:00:00', '09:20:00', '00:00:00', '00:20:00', 0),
(57, 3, '?', 1, 1, '2018-01-23', '08:50:00', '09:10:00', '00:00:00', '00:20:00', 0),
(58, 3, '?', 1, 1, '2018-01-23', '08:50:00', '09:30:00', '00:00:00', '00:40:00', 0),
(59, 3, '?', 1, 1, '2018-01-23', '08:50:00', '09:30:00', '00:00:00', '00:40:00', 0),
(60, 3, '?', 1, 1, '2018-01-23', '08:50:00', '09:30:00', '00:00:00', '00:40:00', 0),
(61, 3, '?', 1, 1, '2018-01-23', '08:50:00', '09:30:00', '00:00:00', '00:40:00', 0),
(62, 3, '?', 1, 1, '2018-01-23', '09:00:00', '09:20:00', '00:00:00', '00:20:00', 0),
(63, 3, '???', 1, 8, '2018-01-23', '09:20:00', '11:10:00', '00:00:00', '01:50:00', 0),
(64, 3, '', 1, 8, '2018-01-23', '08:50:00', '09:10:00', '00:00:00', '00:20:00', 0),
(65, 3, '', 1, 1, '2018-01-23', '09:00:00', '09:20:00', '00:00:00', '00:20:00', 0),
(66, 3, '?', 1, 1, '2018-01-23', '09:00:00', '09:30:00', '00:00:00', '00:30:00', 0),
(67, 3, '?', 1, 1, '2018-01-23', '09:00:00', '09:30:00', '00:00:00', '00:30:00', 0),
(68, 3, '?', 1, 1, '2018-01-23', '09:00:00', '09:30:00', '00:00:00', '00:30:00', 0),
(69, 3, '?', 1, 1, '2018-01-23', '09:00:00', '09:30:00', '00:00:00', '00:30:00', 0),
(70, 3, '?', 1, 1, '2018-01-23', '09:00:00', '09:20:00', '00:00:00', '00:20:00', 0),
(71, 3, '', 1, 1, '2018-01-23', '09:00:00', '09:20:00', '00:00:00', '00:20:00', 0),
(72, 3, '', 1, 1, '2018-01-23', '09:20:00', '09:30:00', '00:00:00', '00:10:00', 0),
(73, 3, '?', 1, 1, '2018-01-23', '08:50:00', '09:20:00', '00:00:00', '00:30:00', 0),
(74, 3, '?', 1, 1, '2018-01-23', '08:50:00', '09:20:00', '00:00:00', '00:30:00', 0),
(75, 3, 'f', 1, 1, '2018-01-23', '09:00:00', '09:30:00', '00:00:00', '00:30:00', 0),
(76, 3, '?', 2, 9, '2018-01-23', '09:30:00', '14:20:00', '00:00:00', '04:50:00', 0),
(77, 3, 'd', 1, 1, '2018-01-24', '09:00:00', '09:20:00', '00:00:00', '00:20:00', 0),
(78, 3, 'd', 1, 1, '2018-01-24', '09:00:00', '09:10:00', '00:00:00', '00:10:00', 0),
(79, 3, '?', 1, 1, '2018-01-24', '08:50:00', '08:20:00', '00:00:00', '-00:30:00', 0),
(80, 3, '?', 1, 1, '2018-01-24', '09:00:00', '09:20:00', '00:00:00', '00:20:00', 0),
(81, 3, '?', 1, 1, '2018-01-24', '09:00:00', '09:30:00', '00:00:00', '00:30:00', 0),
(82, 3, '?', 1, 1, '2018-01-24', '09:00:00', '09:20:00', '00:00:00', '00:20:00', 0),
(83, 3, 'k', 2, 9, '2018-01-24', '09:00:00', '09:30:00', '00:00:00', '00:30:00', 0),
(84, 3, 'd', 2, 9, '2018-01-24', '09:00:00', '09:20:00', '00:00:00', '00:20:00', 0),
(85, 3, '', 2, 9, '2018-01-24', '08:50:00', '09:10:00', '00:00:00', '00:20:00', 0),
(86, 3, '?', 1, 1, '2018-01-24', '09:00:00', '09:20:00', '00:00:00', '00:20:00', 0),
(87, 3, '?', 1, 1, '2018-01-24', '08:50:00', '09:20:00', '00:00:00', '00:30:00', 0),
(88, 3, '?', 1, 1, '2018-01-24', '09:00:00', '09:20:00', '00:00:00', '00:20:00', 0),
(89, 3, '?', 2, 9, '2018-01-24', '08:50:00', '09:20:00', '00:00:00', '00:30:00', 0),
(90, 3, '??', 1, 1, '2018-01-24', '09:20:00', '10:40:00', '00:00:00', '01:20:00', 0),
(91, 3, '?', 1, 8, '2018-01-24', '09:00:00', '09:20:00', '00:00:00', '00:20:00', 0),
(92, 3, '?', 1, 8, '2018-01-24', '09:00:00', '10:10:00', '00:00:00', '01:10:00', 1),
(93, 3, 'aaa', 1, 1, '2018-01-25', '08:50:00', '10:40:00', '00:00:00', '01:50:00', 0),
(94, 3, 'ddd', 1, 1, '2018-01-25', '08:50:00', '09:20:00', '00:00:00', '00:30:00', 0),
(95, 3, 'd', 1, 1, '2018-01-25', '09:10:00', '09:20:00', '00:00:00', '00:10:00', 0),
(96, 3, 'fff', 1, 1, '2018-01-25', '09:00:00', '09:20:00', '00:00:00', '00:20:00', 0),
(97, 3, 'dd', 1, 1, '2018-01-25', '08:50:00', '09:10:00', '00:00:00', '00:20:00', 0),
(98, 3, 'a', 1, 1, '2018-01-25', '09:00:00', '09:10:00', '00:00:00', '00:10:00', 0),
(99, 3, 'aa', 1, 1, '2018-01-25', '09:00:00', '09:20:00', '00:00:00', '00:20:00', 1),
(100, 3, '???', 1, 1, '2018-01-25', '09:00:00', '09:20:00', '00:00:00', '00:20:00', 1),
(101, 3, '?', 1, 1, '2018-01-25', '08:50:00', '09:20:00', '00:00:00', '00:30:00', 1),
(102, 3, '???', 1, 1, '2018-01-25', '09:00:00', '09:20:00', '00:00:00', '00:20:00', 1),
(103, 3, '???', 1, 1, '2018-01-25', '09:00:00', '09:30:00', '00:00:00', '00:30:00', 1),
(104, 3, 'fff', 1, 1, '2018-01-25', '09:00:00', '11:40:00', '00:00:00', '02:40:00', 1),
(105, 3, '??', 1, 1, '2018-01-25', '09:00:00', '09:20:00', '00:00:00', '00:20:00', 1),
(106, 3, '?', 1, 1, '2018-01-25', '09:00:00', '09:30:00', '00:00:00', '00:30:00', 1),
(107, 3, '?', 1, 1, '2018-01-25', '09:00:00', '00:00:00', '00:00:00', '00:00:00', 1),
(108, 3, '?', 1, 1, '2018-01-25', '00:00:00', '00:00:00', '00:00:00', '00:00:00', 1),
(109, 3, 'xxx', 1, 1, '2018-01-25', '09:00:00', '11:10:00', '00:00:00', '02:10:00', 0),
(110, 3, '???', 1, 8, '2018-01-25', '11:10:00', '13:00:00', '00:00:00', '01:50:00', 0),
(111, 3, '??', 1, 1, '2018-01-25', '09:00:00', '12:20:00', '00:00:00', '03:20:00', 0),
(112, 3, '????', 1, 8, '2018-01-25', '12:20:00', '15:00:00', '00:00:00', '02:40:00', 1),
(113, 3, '?', 1, 8, '2018-01-25', '15:00:00', '16:20:00', '00:00:00', '01:20:00', 0),
(114, 3, '', 1, 1, '2018-01-25', '16:20:00', '18:20:00', '00:00:00', '02:00:00', 0),
(115, 3, '??', 1, 1, '2018-01-25', '09:00:00', '12:00:00', '00:00:00', '03:00:00', 0),
(116, 3, '?', 1, 1, '2018-01-25', '09:00:00', '09:20:00', '00:00:00', '00:20:00', 0),
(117, 3, '??', 1, 1, '2018-01-25', '09:20:00', '11:50:00', '00:00:00', '02:30:00', 0),
(118, 3, '?', 1, 1, '2018-01-25', '09:00:00', '09:30:00', '00:00:00', '00:30:00', 1),
(119, 3, '?', 1, 1, '2018-01-25', '09:00:00', '09:10:00', '00:00:00', '00:10:00', 1),
(120, 3, 'ddd', 1, 1, '2018-01-26', '08:50:00', '09:20:00', '00:00:00', '00:30:00', 1),
(121, 3, '', 1, 8, '2018-01-26', '00:00:00', '00:00:00', '00:00:00', '00:00:00', 1),
(122, 3, '', 1, 1, '2018-01-26', '08:50:00', '09:10:00', '00:00:00', '00:20:00', 1),
(123, 3, '??', 1, 1, '2018-01-26', '09:00:00', '09:20:00', '00:00:00', '00:20:00', 1),
(124, 3, '??', 1, 1, '2018-01-26', '09:00:00', '09:10:00', '00:00:00', '00:10:00', 1),
(125, 3, '???', 1, 8, '2018-01-26', '09:10:00', '09:20:00', '00:00:00', '00:10:00', 0),
(126, 3, '??', 1, 1, '2018-01-26', '08:50:00', '09:20:00', '00:00:00', '00:30:00', 1),
(127, 3, '?', 2, 9, '2018-01-26', '09:00:00', '09:10:00', '00:00:00', '00:10:00', 1),
(128, 3, '??', 1, 1, '2018-01-26', '09:10:00', '09:20:00', '00:00:00', '00:10:00', 0),
(129, 3, '?', 1, 1, '2018-01-26', '09:10:00', '09:30:00', '00:00:00', '00:20:00', 1),
(130, 3, '?', 1, 1, '2018-01-26', '09:30:00', '09:30:00', '00:00:00', '00:00:00', 0),
(131, 3, '???', 1, 1, '2018-01-26', '09:00:00', '09:20:00', '00:00:00', '00:20:00', 1),
(132, 3, 'sss', 1, 1, '2018-01-26', '08:50:00', '09:20:00', '00:00:00', '00:30:00', 1),
(133, 3, 'sa', 1, 1, '2018-01-26', '09:00:00', '09:20:00', '00:00:00', '00:20:00', 1),
(134, 3, 'qqq', 1, 1, '2018-01-26', '09:20:00', '10:30:00', '00:00:00', '01:10:00', 0),
(135, 3, 'aa', 1, 1, '2018-01-26', '09:00:00', '09:20:00', '00:00:00', '00:20:00', 1),
(136, 3, 'cc', 1, 1, '2018-01-26', '09:20:00', '10:00:00', '00:00:00', '00:40:00', 0),
(137, 3, 'f', 1, 1, '2018-01-26', '08:50:00', '00:00:00', '00:00:00', '00:00:00', 1),
(138, 3, '', 1, 8, '2018-01-26', '09:10:00', '00:00:00', '00:00:00', '00:00:00', 0),
(139, 3, '??', 1, 1, '2018-01-26', '09:00:00', '09:20:00', '00:00:00', '00:20:00', 1),
(140, 3, '??', 2, 9, '2018-01-26', '09:20:00', '11:10:00', '00:00:00', '01:50:00', 0),
(141, 3, 'dd', 1, 1, '2018-01-26', '09:00:00', '11:40:00', '00:00:00', '02:40:00', 1),
(142, 3, 'sss', 2, 9, '2018-01-29', '08:50:00', '09:20:00', '00:00:00', '00:30:00', 1),
(143, 3, 's', 1, 1, '2018-01-29', '08:50:00', '09:10:00', '00:00:00', '00:20:00', 1),
(144, 3, 'dd', 1, 1, '2018-01-29', '09:10:00', '09:20:00', '00:00:00', '00:10:00', 1),
(145, 3, 'ff', 1, 1, '2018-01-29', '09:00:00', '09:00:00', '00:00:00', '00:00:00', 1),
(146, 3, 'dd', 1, 8, '2018-01-29', '09:00:00', '09:00:00', '01:20:00', '-01:20:00', 1),
(147, 3, 'ccc', 1, 1, '2018-01-29', '09:00:00', '09:30:00', '00:00:00', '00:30:00', 1),
(148, 3, 'ccc', 1, 8, '2018-01-29', '09:30:00', '10:40:00', '00:00:00', '01:10:00', 0),
(149, 3, 'd', 1, 1, '2018-01-29', '09:00:00', '09:20:00', '00:00:00', '00:20:00', 1),
(150, 3, '?', 2, 9, '2018-01-29', '09:00:00', '09:00:00', '00:00:00', '00:00:00', 1),
(151, 3, '??', 1, 1, '2018-01-29', '09:00:00', '09:20:00', '00:00:00', '00:20:00', 1),
(152, 3, '??', 1, 8, '2018-01-29', '09:00:00', '09:30:00', '00:00:00', '00:30:00', 1),
(153, 3, 'aaa', 1, 1, '2018-01-29', '09:30:00', '00:00:00', '00:00:00', '00:00:00', 1),
(154, 3, 'aaa', 1, 8, '2018-01-29', '09:00:00', '10:30:00', '00:00:00', '01:30:00', 1),
(155, 3, '', 1, 8, '2018-01-29', '10:30:00', '00:00:00', '00:00:00', '00:00:00', 1),
(156, 3, 'vv', 1, 8, '2018-01-29', '09:00:00', '10:30:00', '00:00:00', '01:30:00', 1),
(157, 3, 'zzz', 1, 8, '2018-01-29', '10:30:00', '12:00:00', '00:00:00', '01:30:00', 1),
(158, 3, 'zz', 1, 8, '2018-01-29', '12:00:00', '12:30:00', '00:00:00', '00:30:00', 1),
(159, 3, 'aaa', 1, 8, '2018-01-29', '12:30:00', '15:20:00', '00:00:00', '02:50:00', 1),
(160, 3, 'ccc', 2, 9, '2018-01-29', '15:20:00', '16:20:00', '00:00:00', '01:00:00', 0),
(161, 3, 'ccc', 1, 1, '2018-01-29', '09:00:00', '09:20:00', '00:00:00', '00:20:00', 1),
(162, 3, 'xxx', 2, 9, '2018-01-29', '09:20:00', '10:40:00', '00:00:00', '01:20:00', 1),
(163, 3, 'xxx', 1, 1, '2018-01-29', '10:40:00', '11:10:00', '00:00:00', '00:30:00', 0),
(164, 3, 'ccc', 1, 1, '2018-01-29', '09:00:00', '09:20:00', '00:00:00', '00:20:00', 1),
(165, 3, 'eee', 1, 8, '2018-01-29', '09:20:00', '11:20:00', '00:00:00', '02:00:00', 1),
(166, 3, 'xx', 1, 1, '2018-01-29', '11:20:00', '12:30:00', '00:00:00', '01:10:00', 1),
(167, 3, 'hh', 1, 1, '2018-01-29', '12:30:00', '12:30:00', '00:00:00', '00:00:00', 1),
(168, 3, 'c', 2, 9, '2018-01-29', '09:10:00', '09:20:00', '00:00:00', '00:10:00', 1),
(169, 3, 'd', 1, 8, '2018-01-29', '09:00:00', '09:20:00', '00:00:00', '00:20:00', 1),
(170, 3, 'xxx', 1, 8, '2018-01-29', '09:20:00', '09:30:00', '00:00:00', '00:10:00', 1),
(171, 3, 'dsd', 1, 8, '2018-01-29', '00:00:00', '00:00:00', '00:00:00', '00:00:00', 0),
(172, 3, 'gg', 1, 8, '2018-01-29', '09:00:00', '09:20:00', '00:00:00', '00:20:00', 1),
(173, 3, 'cc', 1, 1, '2018-01-29', '09:00:00', '11:50:00', '00:00:00', '02:50:00', 1),
(174, 3, 'gg', 1, 1, '2018-01-29', '09:00:00', '09:30:00', '00:00:00', '00:30:00', 1),
(175, 3, '', 1, 1, '2018-01-29', '00:00:00', '00:00:00', '00:00:00', '00:00:00', 0),
(176, 3, '', 1, 1, '2018-01-29', '00:00:00', '00:00:00', '00:00:00', '00:00:00', 0),
(177, 3, '', 1, 1, '2018-01-29', '00:00:00', '00:00:00', '00:00:00', '00:00:00', 0),
(178, 3, 'dd', 1, 1, '2018-01-29', '09:00:00', '00:00:00', '00:00:00', '00:00:00', 1),
(179, 3, '', 1, 1, '2018-01-29', '00:00:00', '00:00:00', '00:00:00', '00:00:00', 0),
(180, 3, '', 1, 1, '2018-01-29', '00:00:00', '00:00:00', '00:00:00', '00:00:00', 0),
(181, 3, '', 1, 1, '2018-01-29', '00:00:00', '00:00:00', '00:00:00', '00:00:00', 0),
(182, 3, '', 1, 1, '2018-01-29', '00:00:00', '00:00:00', '00:00:00', '00:00:00', 1),
(183, 3, '', 1, 1, '2018-01-29', '00:00:00', '00:00:00', '00:00:00', '00:00:00', 1),
(184, 3, '', 1, 1, '2018-01-29', '08:50:00', '09:20:00', '00:00:00', '00:30:00', 1),
(185, 3, '', 1, 1, '2018-01-29', '00:00:00', '00:00:00', '00:00:00', '00:00:00', 1),
(186, 3, '', 1, 1, '2018-01-29', '00:00:00', '00:00:00', '00:00:00', '00:00:00', 0),
(187, 3, 'f', 1, 1, '2018-01-29', '09:10:00', '09:30:00', '00:00:00', '00:20:00', 0),
(188, 3, 'ff', 1, 1, '2018-01-29', '09:00:00', '09:20:00', '00:00:00', '00:20:00', 1),
(189, 3, '', 1, 1, '2018-01-29', '09:00:00', '09:20:00', '00:00:00', '00:20:00', 1),
(190, 3, 'f', 1, 1, '2018-01-29', '00:00:00', '00:00:00', '00:00:00', '00:00:00', 1),
(191, 3, 'e', 2, 9, '2018-01-29', '00:00:00', '00:00:00', '00:00:00', '00:00:00', 1),
(192, 3, '?', 1, 1, '2018-01-29', '09:00:00', '00:00:00', '00:00:00', '00:00:00', 0),
(193, 3, '', 1, 1, '2018-01-29', '00:00:00', '00:00:00', '00:00:00', '00:00:00', 1),
(194, 3, '??', 1, 1, '2018-01-29', '00:00:00', '00:00:00', '00:00:00', '00:00:00', 1),
(195, 3, '?', 1, 1, '2018-01-29', '00:00:00', '00:00:00', '00:00:00', '00:00:00', 1),
(196, 3, '', 1, 1, '2018-01-29', '00:00:00', '00:00:00', '00:00:00', '00:00:00', 1),
(197, 3, '?', 1, 8, '2018-01-29', '00:00:00', '00:00:00', '00:00:00', '00:00:00', 1),
(198, 3, '?', 1, 1, '2018-01-29', '00:00:00', '00:00:00', '00:00:00', '00:00:00', 1),
(199, 3, '?', 1, 1, '2018-01-29', '09:00:00', '09:20:00', '00:00:00', '00:20:00', 1),
(200, 3, '??', 1, 1, '2018-01-29', '00:00:00', '00:00:00', '00:00:00', '00:00:00', 1),
(201, 3, '?', 1, 1, '2018-01-29', '00:00:00', '00:00:00', '00:00:00', '00:00:00', 1),
(202, 3, '?', 1, 8, '2018-01-29', '00:00:00', '00:00:00', '00:00:00', '00:00:00', 1),
(203, 3, '?', 1, 1, '2018-01-29', '00:00:00', '00:00:00', '00:00:00', '00:00:00', 1),
(204, 3, '??', 1, 1, '2018-01-29', '09:00:00', '09:20:00', '00:00:00', '00:20:00', 1),
(205, 3, '?sss', 1, 8, '2018-01-29', '09:00:00', '11:50:00', '00:00:00', '02:50:00', 1),
(206, 3, 'f', 1, 1, '2018-01-29', '09:00:00', '09:20:00', '00:00:00', '00:20:00', 0),
(207, 3, 'bb', 1, 1, '2018-01-29', '09:20:00', '10:00:00', '00:00:00', '00:40:00', 0),
(208, 3, '', 1, 1, '2018-01-31', '10:00:00', '10:00:00', '00:00:00', '00:00:00', 0),
(209, 3, 'f', 1, 1, '2018-01-29', '09:00:00', '11:20:00', '00:00:00', '02:20:00', 0),
(210, 3, 's', 1, 1, '2018-01-29', '09:00:00', '09:30:00', '00:00:00', '00:30:00', 0),
(211, 3, 'f', 1, 1, '2018-01-29', '09:00:00', '09:30:00', '00:00:00', '00:30:00', 0),
(212, 3, 'f', 1, 1, '2018-01-29', '09:00:00', '09:30:00', '00:00:00', '00:30:00', 0),
(213, 3, 'd', 1, 1, '2018-01-29', '09:00:00', '12:10:00', '00:00:00', '03:10:00', 0),
(214, 3, 'dd', 1, 8, '2018-01-29', '09:00:00', '09:20:00', '00:00:00', '00:20:00', 0),
(215, 3, 'dd', 1, 1, '2018-01-29', '09:00:00', '09:00:00', '00:00:00', '00:00:00', 0),
(216, 3, 'f', 1, 8, '2018-01-29', '09:00:00', '09:20:00', '00:00:00', '00:20:00', 0),
(217, 3, 'e', 1, 1, '2018-01-29', '09:00:00', '10:40:00', '00:00:00', '01:40:00', 1),
(218, 3, 'e', 1, 8, '2018-01-29', '09:20:00', '11:50:00', '00:00:00', '02:30:00', 1),
(219, 3, 'dd', 1, 1, '2018-01-29', '09:00:00', '11:40:00', '00:00:00', '02:40:00', 1),
(220, 3, 'd', 1, 1, '2018-01-29', '00:00:00', '00:00:00', '00:00:00', '00:00:00', 1),
(221, 3, '', 1, 1, '2018-01-29', '09:00:00', '11:40:00', '00:00:00', '02:40:00', 1),
(222, 3, '', 1, 1, '2018-01-29', '09:00:00', '10:40:00', '00:00:00', '01:40:00', 0),
(223, 3, 'www', 1, 1, '2018-01-29', '09:00:00', '11:50:00', '00:00:00', '02:50:00', 0),
(224, 3, 'dd', 1, 1, '2018-01-29', '09:00:00', '11:40:00', '00:00:00', '02:40:00', 0),
(225, 3, 'e', 1, 1, '2018-01-29', '11:40:00', '14:40:00', '00:00:00', '03:00:00', 1),
(226, 3, 'e', 1, 1, '2018-01-29', '14:40:00', '15:40:00', '00:00:00', '01:00:00', 0),
(227, 3, '', 1, 1, '2018-01-30', '09:00:00', '11:10:00', '00:00:00', '02:10:00', 0),
(228, 3, 'd', 1, 1, '2018-01-30', '09:10:00', '09:20:00', '00:00:00', '00:10:00', 0),
(229, 3, 'd', 1, 8, '2018-01-30', '08:50:00', '09:30:00', '00:00:00', '00:40:00', 0),
(230, 3, 'd', 1, 1, '2018-01-30', '08:50:00', '09:30:00', '00:00:00', '00:40:00', 0),
(231, 3, '', 1, 8, '2018-01-30', '09:00:00', '09:20:00', '00:00:00', '00:20:00', 0),
(232, 3, 'eee', 1, 8, '2018-01-30', '08:50:00', '11:40:00', '00:50:00', '02:00:00', 0),
(233, 3, 'ee', 1, 1, '2018-01-30', '09:00:00', '09:20:00', '00:00:00', '00:20:00', 0),
(234, 3, '製品開発', 1, 8, '2018-01-30', '09:00:00', '10:00:00', '00:00:00', '01:00:00', 0),
(235, 3, 'ｄ', 1, 8, '2018-01-30', '09:00:00', '09:20:00', '00:00:00', '00:20:00', 0),
(236, 3, 'ｆ', 1, 1, '2018-01-30', '09:00:00', '09:20:00', '00:00:00', '00:20:00', 0),
(237, 3, 'え', 1, 8, '2018-01-30', '09:00:00', '09:30:00', '00:00:00', '00:30:00', 0),
(238, 3, 'aaaa', 1, 8, '2018-01-30', '09:00:00', '11:10:00', '00:00:00', '02:10:00', 0),
(239, 3, 'xxx', 1, 8, '2018-01-30', '09:00:00', '11:40:00', '00:00:00', '02:40:00', 0),
(240, 3, '', 1, 8, '2018-01-30', '09:00:00', '09:20:00', '00:00:00', '00:20:00', 0),
(241, 3, 'ooooooooo', 2, 9, '2018-01-30', '09:20:00', '12:20:00', '00:00:00', '03:00:00', 0),
(242, 3, 'gggg', 6, 9, '2018-01-31', '09:00:00', '11:10:00', '00:00:00', '02:10:00', 0),
(243, 3, 'zz', 1, 8, '2018-01-31', '10:00:00', '11:00:00', '00:00:00', '01:00:00', 0),
(244, 3, 'w', 1, 1, '2018-01-31', '09:00:00', '09:20:00', '00:00:00', '00:20:00', 0),
(245, 3, 'aaa', 1, 1, '2018-01-31', '09:10:00', '10:40:00', '00:00:00', '01:30:00', 0),
(246, 3, 'aaa', 1, 1, '2018-01-31', '09:10:00', '10:40:00', '00:00:00', '01:30:00', 0),
(247, 3, 's', 1, 1, '2018-01-31', '09:00:00', '09:20:00', '00:00:00', '00:20:00', 0),
(248, 3, '', 1, 1, '2018-01-31', '09:20:00', '00:00:00', '00:00:00', '00:00:00', 1),
(249, 3, '', 1, 1, '2018-01-31', '09:20:00', '00:00:00', '00:00:00', '00:00:00', 1),
(250, 3, '製品開発サポート', 1, 8, '2018-01-31', '09:00:00', '10:00:00', '00:00:00', '01:00:00', 0),
(251, 3, '製品開発サポート', 1, 8, '2018-01-31', '09:00:00', '10:00:00', '00:00:00', '01:00:00', 0),
(252, 3, 'ｄ', 1, 1, '2018-01-31', '09:00:00', '09:10:00', '00:00:00', '00:10:00', 0),
(253, 3, 'ｄ', 1, 1, '2018-01-31', '09:00:00', '09:20:00', '00:00:00', '00:20:00', 0),
(254, 3, 'ｄ', 1, 1, '2018-01-31', '09:00:00', '09:20:00', '00:00:00', '00:20:00', 0),
(255, 3, 'ｄ', 1, 1, '2018-01-31', '09:00:00', '09:10:00', '00:00:00', '00:10:00', 1),
(256, 3, '', 1, 1, '2018-01-31', '09:00:00', '09:20:00', '00:00:00', '00:20:00', 0),
(257, 3, '', 1, 1, '2018-01-31', '09:00:00', '09:20:00', '00:00:00', '00:20:00', 1),
(258, 3, '', 1, 1, '2018-01-31', '09:20:00', '09:40:00', '00:00:00', '00:20:00', 0),
(259, 3, '', 1, 8, '2018-01-31', '09:00:00', '09:20:00', '00:00:00', '00:20:00', 0),
(260, 3, '', 1, 1, '2018-01-31', '09:20:00', '11:00:00', '00:00:00', '01:40:00', 0),
(261, 3, '', 1, 1, '2018-01-31', '09:00:00', '09:10:00', '00:00:00', '00:10:00', 0),
(262, 3, '', 1, 1, '2018-01-31', '09:10:00', '10:50:00', '00:00:00', '01:40:00', 0),
(263, 3, '', 1, 1, '2018-01-31', '09:00:00', '11:10:00', '00:00:00', '02:10:00', 0),
(264, 3, 'ｄ', 1, 1, '2018-01-31', '09:00:00', '09:20:00', '00:00:00', '00:20:00', 0),
(265, 3, '', 1, 8, '2018-01-31', '09:20:00', '09:50:00', '00:00:00', '00:30:00', 0),
(266, 3, '', 1, 1, '2018-01-31', '09:00:00', '09:30:00', '00:00:00', '00:30:00', 0),
(267, 3, '', 1, 1, '2018-01-31', '00:00:00', '00:00:00', '00:00:00', '00:00:00', 0),
(268, 3, '', 1, 1, '2018-01-31', '00:00:00', '00:00:00', '00:00:00', '00:00:00', 0),
(269, 3, '', 1, 8, '2018-01-31', '00:00:00', '00:00:00', '00:00:00', '00:00:00', 0),
(270, 3, '', 1, 1, '2018-01-31', '00:00:00', '00:00:00', '00:00:00', '00:00:00', 0),
(271, 3, '', 2, 9, '2018-01-31', '09:10:00', '00:00:00', '00:00:00', '00:00:00', 0),
(272, 3, '', 1, 1, '2018-01-31', '00:00:00', '00:00:00', '00:00:00', '00:00:00', 1),
(273, 3, 'aaa', 2, 9, '2018-01-31', '09:00:00', '09:20:00', '00:00:00', '00:20:00', 1),
(274, 3, '', 1, 1, '2018-01-31', '00:00:00', '00:00:00', '00:00:00', '00:00:00', 0),
(275, 3, '', 1, 1, '2018-01-31', '00:00:00', '00:00:00', '00:00:00', '00:00:00', 0),
(276, 3, '', 1, 1, '2018-01-31', '09:00:00', '09:20:00', '00:00:00', '00:20:00', 0),
(277, 3, 'dd', 1, 1, '2018-01-31', '09:00:00', '09:20:00', '00:00:00', '00:20:00', 0),
(278, 3, '', 1, 1, '2018-01-31', '09:20:00', '09:50:00', '00:00:00', '00:30:00', 0),
(279, 3, '', 1, 1, '2018-01-31', '09:00:00', '09:20:00', '00:00:00', '00:20:00', 0),
(280, 3, '', 1, 1, '2018-01-31', '09:20:00', '09:50:00', '00:00:00', '00:30:00', 0),
(281, 3, '', 1, 1, '2018-01-31', '09:00:00', '09:20:00', '00:00:00', '00:20:00', 0),
(282, 3, '', 1, 1, '2018-01-31', '09:00:00', '09:20:00', '00:00:00', '00:20:00', 0),
(283, 3, 'ｄ', 2, 9, '2018-01-31', '00:00:00', '00:00:00', '00:00:00', '00:00:00', 0),
(284, 3, '', 1, 1, '2018-01-31', '00:00:00', '00:00:00', '00:00:00', '00:00:00', 0),
(285, 3, '', 1, 1, '2018-01-31', '00:00:00', '00:00:00', '00:00:00', '00:00:00', 1),
(286, 3, '', 1, 1, '2018-01-31', '09:00:00', '00:00:00', '00:00:00', '00:00:00', 0),
(287, 3, '', 1, 1, '2018-01-31', '00:00:00', '00:00:00', '00:00:00', '00:00:00', 0),
(288, 3, '', 1, 1, '2018-01-31', '00:00:00', '00:00:00', '00:00:00', '00:00:00', 1),
(289, 3, '', 1, 8, '2018-01-31', '00:00:00', '00:00:00', '00:00:00', '00:00:00', 1),
(290, 3, '', 1, 1, '2018-01-31', '09:00:00', '09:00:00', '00:00:00', '00:00:00', 0),
(291, 3, 'ｚｚｚ', 1, 8, '2018-01-31', '00:00:00', '00:00:00', '00:00:00', '00:00:00', 1),
(292, 3, '', 2, 9, '2018-01-31', '00:00:00', '00:00:00', '00:00:00', '00:00:00', 1),
(293, 3, '', 1, 8, '2018-01-31', '00:00:00', '00:00:00', '00:00:00', '00:00:00', 1),
(294, 3, '', 1, 1, '2018-01-31', '00:00:00', '00:00:00', '00:00:00', '00:00:00', 1),
(295, 3, '', 1, 1, '2018-01-31', '00:00:00', '00:00:00', '00:00:00', '00:00:00', 0),
(296, 3, '', 1, 1, '2018-01-31', '00:00:00', '00:00:00', '00:00:00', '00:00:00', 1),
(297, 3, '', 1, 1, '2018-01-31', '00:00:00', '00:00:00', '00:00:00', '00:00:00', 1),
(298, 3, '', 2, 9, '2018-01-31', '00:00:00', '00:00:00', '00:00:00', '00:00:00', 1),
(299, 3, '', 1, 1, '2018-01-31', '00:00:00', '00:00:00', '00:00:00', '00:00:00', 1),
(300, 3, '', 1, 1, '2018-01-31', '00:00:00', '00:00:00', '00:00:00', '00:00:00', 1),
(301, 3, '', 1, 1, '2018-01-31', '00:00:00', '00:00:00', '00:00:00', '00:00:00', 0),
(302, 3, '', 1, 1, '2018-01-31', '00:00:00', '00:00:00', '00:00:00', '00:00:00', 1),
(303, 3, '', 1, 1, '2018-01-31', '00:00:00', '00:00:00', '00:00:00', '00:00:00', 1),
(304, 3, '', 1, 1, '2018-01-31', '00:00:00', '00:00:00', '00:00:00', '00:00:00', 0),
(305, 3, '', 1, 1, '2018-01-31', '00:00:00', '00:00:00', '00:00:00', '00:00:00', 1),
(306, 3, '', 1, 1, '2018-01-31', '00:00:00', '00:00:00', '00:00:00', '00:00:00', 0),
(307, 3, '', 1, 1, '2018-01-31', '00:00:00', '00:00:00', '00:00:00', '00:00:00', 1),
(308, 3, '管理サポート', 1, 1, '2018-01-31', '09:00:00', '10:40:00', '00:00:00', '01:40:00', 0),
(309, 3, '開発', 2, 9, '2018-01-31', '10:40:00', '13:00:00', '00:00:00', '02:20:00', 0),
(310, 3, 'サポート', 2, 9, '2018-01-31', '09:20:00', '11:30:00', '00:00:00', '02:10:00', 0),
(311, 3, 'サポート', 2, 9, '2018-01-31', '09:20:00', '11:30:00', '00:00:00', '02:10:00', 0),
(312, 3, '', 1, 8, '2018-01-31', '00:00:00', '00:00:00', '00:00:00', '00:00:00', 1),
(313, 3, '', 1, 8, '2018-01-31', '00:00:00', '00:00:00', '00:00:00', '00:00:00', 1),
(314, 3, '', 1, 1, '2018-01-31', '00:00:00', '00:00:00', '00:00:00', '00:00:00', 1),
(315, 3, '', 1, 1, '2018-01-31', '00:00:00', '00:00:00', '00:00:00', '00:00:00', 0),
(316, 3, '', 2, 9, '2018-01-31', '00:00:00', '00:00:00', '00:00:00', '00:00:00', 1),
(317, 3, 'ｄｄ', 2, 9, '2018-01-31', '00:00:00', '00:00:00', '00:00:00', '00:00:00', 1),
(318, 3, 'ｄｄ', 1, 1, '2018-01-31', '09:00:00', '09:20:00', '00:00:00', '00:20:00', 0),
(319, 3, '開発', 1, 1, '2018-01-31', '09:00:00', '11:10:00', '00:00:00', '02:10:00', 0),
(320, 3, '保守', 1, 8, '2018-01-31', '11:10:00', '12:50:00', '00:00:00', '01:40:00', 0),
(321, 3, '', 1, 1, '2018-01-31', '00:00:00', '00:00:00', '00:00:00', '00:00:00', 1),
(322, 3, '', 1, 1, '2018-01-31', '00:00:00', '00:00:00', '00:00:00', '00:00:00', 1),
(323, 3, 'ううう', 2, 9, '2018-01-31', '09:00:00', '10:40:00', '00:00:00', '01:40:00', 0),
(324, 3, 'えええ', 2, 9, '2018-01-31', '10:40:00', '12:50:00', '00:00:00', '02:10:00', 0),
(325, 3, '磯貝', 2, 9, '2018-01-31', '12:50:00', '12:50:00', '00:00:00', '00:00:00', 0),
(326, 3, '', 1, 1, '2018-01-31', '09:00:00', '09:20:00', '00:00:00', '00:20:00', 0),
(327, 3, 'あああ', 2, 9, '2018-01-31', '02:20:00', '05:30:00', '00:00:00', '03:10:00', 0),
(328, 3, '', 1, 1, '2018-01-31', '00:00:00', '00:00:00', '00:00:00', '00:00:00', 1),
(329, 3, 'w', 1, 1, '2018-01-31', '00:00:00', '00:00:00', '00:00:00', '00:00:00', 1),
(330, 3, 'www', 1, 8, '2018-01-31', '00:00:00', '00:00:00', '00:00:00', '00:00:00', 1),
(331, 3, 'ccc', 1, 8, '2018-01-31', '00:00:00', '00:00:00', '00:00:00', '00:00:00', 1),
(332, 3, 'ssss', 1, 8, '2018-01-31', '00:00:00', '00:00:00', '00:00:00', '00:00:00', 1),
(333, 3, 'dddd', 1, 8, '2018-01-31', '00:00:00', '00:00:00', '00:00:00', '00:00:00', 1),
(334, 3, 'qqqqqq', 2, 9, '2018-01-31', '00:00:00', '00:00:00', '00:00:00', '00:00:00', 1),
(335, 3, 'ssssss', 2, 9, '2018-01-31', '09:00:00', '13:20:00', '00:00:00', '04:20:00', 0),
(336, 3, 'www', 1, 8, '2018-01-31', '09:10:00', '11:50:00', '00:00:00', '02:40:00', 1),
(337, 3, 'bbb', 2, 9, '2018-01-31', '11:50:00', '14:40:00', '01:00:00', '01:50:00', 1),
(338, 3, 'ddd', 1, 1, '2018-01-31', '14:40:00', '16:50:00', '00:00:00', '02:10:00', 1),
(339, 3, 'α検証', 1, 1, '2018-01-31', '16:50:00', '18:00:00', '00:00:00', '01:10:00', 1),
(340, 3, '開発進捗会議', 2, 9, '2018-02-01', '09:00:00', '10:20:00', '00:00:00', '01:20:00', 0),
(341, 3, 'd', 1, 1, '2018-02-01', '00:00:00', '00:00:00', '00:00:00', '00:00:00', 0),
(342, 3, 's', 1, 1, '2018-02-05', '08:50:00', '09:10:00', '00:00:00', '00:20:00', 1),
(343, 3, 'd', 1, 1, '2018-02-05', '09:00:00', '09:10:00', '00:00:00', '00:10:00', 0),
(344, 3, '', 1, 1, '2018-02-05', '09:00:00', '00:00:00', '00:00:00', '00:00:00', 0),
(345, 3, 'あああああああああああああああああああああああああああああああああああああああああああ', 1, 1, '2018-02-05', '00:00:00', '00:00:00', '00:00:00', '00:00:00', 0),
(346, 3, '', 1, 1, '2018-02-05', '09:00:00', '11:10:00', '00:00:00', '02:10:00', 0),
(347, 3, '', 1, 1, '2018-02-05', '00:00:00', '00:00:00', '00:00:00', '00:00:00', 0),
(348, 3, '', 1, 8, '2018-02-05', '00:00:00', '00:00:00', '00:00:00', '00:00:00', 0),
(349, 3, '', 1, 1, '2018-02-05', '00:00:00', '00:00:00', '00:00:00', '00:00:00', 0),
(350, 3, '', 1, 8, '2018-02-05', '00:00:00', '00:00:00', '00:00:00', '00:00:00', 0),
(351, 3, '', 1, 1, '2018-02-05', '00:00:00', '00:00:00', '00:00:00', '00:00:00', 0),
(352, 3, '', 2, 9, '2018-02-05', '00:00:00', '00:00:00', '00:00:00', '00:00:00', 0),
(353, 3, '', 1, 1, '2018-02-05', '00:00:00', '00:00:00', '00:00:00', '00:00:00', 0),
(354, 3, '', 1, 1, '2018-02-05', '00:00:00', '00:00:00', '00:00:00', '00:00:00', 0),
(355, 3, '', 1, 1, '2018-02-05', '00:00:00', '00:00:00', '00:00:00', '00:00:00', 0),
(356, 3, '', 1, 1, '2018-02-05', '00:00:00', '00:00:00', '00:00:00', '00:00:00', 0),
(357, 3, '', 1, 8, '2018-02-05', '00:00:00', '00:00:00', '00:00:00', '00:00:00', 0),
(358, 3, '', 1, 1, '2018-02-05', '00:00:00', '00:00:00', '00:00:00', '00:00:00', 0),
(359, 3, '', 2, 9, '2018-02-05', '00:00:00', '00:00:00', '00:00:00', '00:00:00', 0),
(360, 3, '', 1, 1, '2018-02-05', '00:00:00', '00:00:00', '00:00:00', '00:00:00', 0),
(361, 3, '', 1, 8, '2018-02-05', '00:00:00', '00:00:00', '00:00:00', '00:00:00', 0),
(362, 3, '', 1, 8, '2018-02-05', '00:00:00', '00:00:00', '00:00:00', '00:00:00', 0),
(363, 3, '', 1, 1, '2018-02-05', '00:00:00', '00:00:00', '00:00:00', '00:00:00', 0),
(364, 3, '', 1, 1, '2018-02-05', '00:00:00', '00:00:00', '00:00:00', '00:00:00', 0),
(365, 3, '', 1, 1, '2018-02-05', '00:00:00', '00:00:00', '00:00:00', '00:00:00', 0),
(366, 3, '', 1, 1, '2018-02-05', '00:00:00', '00:00:00', '00:00:00', '00:00:00', 1),
(367, 3, '', 1, 1, '2018-02-05', '00:00:00', '00:00:00', '00:00:00', '00:00:00', 1),
(368, 3, '', 1, 1, '2018-02-05', '00:00:00', '00:00:00', '00:00:00', '00:00:00', 1),
(369, 3, '', 1, 1, '2018-02-05', '00:00:00', '00:00:00', '00:00:00', '00:00:00', 0),
(370, 3, '', 1, 1, '2018-02-05', '00:00:00', '00:00:00', '00:00:00', '00:00:00', 0),
(371, 3, '', 1, 8, '2018-02-05', '00:00:00', '00:00:00', '00:00:00', '00:00:00', 1),
(372, 3, '', 1, 8, '2018-02-05', '00:00:00', '00:00:00', '00:00:00', '00:00:00', 0),
(373, 3, '', 1, 1, '2018-02-05', '00:00:00', '00:00:00', '00:00:00', '00:00:00', 0),
(374, 3, '', 1, 1, '2018-02-05', '00:00:00', '00:00:00', '00:00:00', '00:00:00', 0),
(375, 3, '', 1, 1, '2018-02-05', '00:00:00', '00:00:00', '00:00:00', '00:00:00', 0),
(376, 3, 'sssssssssssssss', 1, 1, '2018-02-05', '09:00:00', '09:10:00', '01:00:00', '-00:50:00', 0),
(377, 3, '', 1, 1, '2018-02-05', '00:00:00', '00:00:00', '00:00:00', '00:00:00', 0),
(378, 3, '', 1, 8, '2018-02-05', '00:00:00', '00:00:00', '00:00:00', '00:00:00', 0),
(379, 3, '', 1, 1, '2018-02-06', '00:00:00', '00:00:00', '00:00:00', '00:00:00', 0),
(380, 3, '', 1, 1, '2018-02-06', '00:00:00', '00:00:00', '00:00:00', '00:00:00', 0),
(381, 3, '', 2, 9, '2018-02-06', '00:00:00', '00:00:00', '00:00:00', '00:00:00', 0),
(382, 3, '', 1, 1, '2018-02-06', '00:00:00', '00:00:00', '00:00:00', '00:00:00', 0),
(383, 3, '', 1, 8, '2018-02-06', '00:00:00', '00:00:00', '00:00:00', '00:00:00', 0),
(384, 3, '', 1, 8, '2018-02-06', '00:00:00', '00:00:00', '00:00:00', '00:00:00', 1),
(385, 3, '', 2, 9, '2018-02-06', '00:00:00', '00:00:00', '00:00:00', '00:00:00', 0),
(386, 3, '', 2, 9, '2018-02-06', '00:00:00', '00:00:00', '00:00:00', '00:00:00', 0),
(387, 3, '', 1, 1, '2018-02-06', '00:00:00', '00:00:00', '00:00:00', '00:00:00', 0),
(388, 3, '', 2, 9, '2018-02-06', '00:00:00', '00:00:00', '00:00:00', '00:00:00', 0),
(389, 3, '', 1, 1, '2018-02-06', '00:00:00', '00:00:00', '00:00:00', '00:00:00', 0),
(390, 3, '', 1, 1, '2018-02-06', '00:00:00', '00:00:00', '00:00:00', '00:00:00', 0),
(391, 3, '', 1, 8, '2018-02-07', '09:00:00', '11:10:00', '00:00:00', '02:10:00', 0),
(392, 3, '開発業務', 1, 8, '2018-02-06', '09:00:00', '10:10:00', '00:50:00', '00:20:00', 0),
(393, 3, 'and.T', 1, 1, '2018-02-07', '09:00:00', '10:10:00', '00:00:00', '01:10:00', 1),
(394, 3, 'メッセージ修正', 1, 8, '2018-02-07', '10:10:00', '11:40:00', '00:00:00', '01:30:00', 0),
(395, 3, '調査', 2, 9, '2018-02-07', '11:40:00', '17:00:00', '01:00:00', '04:20:00', 0),
(396, 3, 'Hardlockeyスクエア', 1, 1, '2018-02-07', '07:00:00', '18:10:00', '00:00:00', '11:10:00', 1),
(397, 3, 'プログラミング練習', 1, 8, '2018-02-04', '12:00:00', '15:10:00', '00:00:00', '03:10:00', 0),
(398, 3, '昼寝', 2, 9, '2018-02-04', '08:20:00', '10:00:00', '00:00:00', '01:40:00', 0),
(399, 3, '勉強会', 1, 1, '2018-02-04', '16:40:00', '21:10:00', '00:00:00', '04:30:00', 1),
(400, 3, '', 1, 1, '2018-02-07', '09:00:00', '00:00:00', '00:00:00', '00:00:00', 0),
(401, 3, '', 1, 1, '2018-02-07', '00:00:00', '00:00:00', '00:00:00', '00:00:00', 1),
(402, 3, 'ｄ', 1, 1, '2018-02-07', '00:00:00', '00:00:00', '00:00:00', '00:00:00', 1),
(403, 3, 'ｓｓ', 2, 9, '2018-02-07', '00:00:00', '00:00:00', '00:00:00', '00:00:00', 1),
(404, 3, '', 2, 9, '2018-02-07', '00:00:00', '00:00:00', '00:00:00', '00:00:00', 1),
(405, 3, '', 1, 8, '2018-02-07', '00:00:00', '00:00:00', '00:00:00', '00:00:00', 1),
(406, 3, '', 2, 9, '2018-02-07', '00:00:00', '00:00:00', '00:00:00', '00:00:00', 1),
(407, 3, '', 1, 1, '2018-02-07', '00:00:00', '00:00:00', '00:00:00', '00:00:00', 1),
(408, 3, '', 1, 1, '2018-02-07', '00:00:00', '00:00:00', '00:00:00', '00:00:00', 1),
(409, 3, '', 1, 8, '2018-02-07', '00:00:00', '00:00:00', '00:00:00', '00:00:00', 1),
(410, 3, '', 1, 1, '2018-02-07', '00:00:00', '00:00:00', '00:00:00', '00:00:00', 1),
(411, 3, '', 2, 9, '2018-02-07', '00:00:00', '00:00:00', '00:00:00', '00:00:00', 1),
(412, 3, '', 1, 8, '2018-02-07', '00:00:00', '00:00:00', '00:00:00', '00:00:00', 1),
(413, 3, '', 1, 1, '2018-02-07', '00:00:00', '00:00:00', '00:00:00', '00:00:00', 1),
(414, 3, '', 2, 9, '2018-02-07', '00:00:00', '00:00:00', '00:00:00', '00:00:00', 0),
(415, 3, '', 1, 8, '2018-02-07', '00:00:00', '00:00:00', '00:00:00', '00:00:00', 1),
(416, 3, '', 1, 1, '2018-02-07', '00:00:00', '00:00:00', '00:00:00', '00:00:00', 1),
(417, 3, '', 1, 1, '2018-02-07', '00:00:00', '00:00:00', '00:00:00', '00:00:00', 0),
(418, 3, '', 2, 9, '2018-02-07', '00:00:00', '00:00:00', '00:00:00', '00:00:00', 0),
(419, 3, '', 1, 1, '2018-02-07', '00:00:00', '00:00:00', '00:00:00', '00:00:00', 0),
(420, 3, '', 2, 9, '2018-02-07', '00:00:00', '00:00:00', '00:00:00', '00:00:00', 0),
(421, 3, '', 2, 9, '2018-02-07', '00:00:00', '00:00:00', '00:00:00', '00:00:00', 1),
(422, 3, '', 1, 1, '2018-02-07', '00:00:00', '00:00:00', '00:00:00', '00:00:00', 1),
(423, 3, '', 1, 1, '2018-02-07', '00:00:00', '00:00:00', '00:00:00', '00:00:00', 0),
(424, 3, '', 1, 1, '2018-02-07', '00:00:00', '00:00:00', '00:00:00', '00:00:00', 0),
(425, 3, '', 2, 9, '2018-02-07', '00:00:00', '00:00:00', '00:00:00', '00:00:00', 0),
(426, 3, '', 2, 9, '2018-02-07', '00:00:00', '00:00:00', '00:00:00', '00:00:00', 0),
(427, 3, '', 2, 9, '2018-02-07', '00:00:00', '00:00:00', '00:00:00', '00:00:00', 0),
(428, 3, '', 1, 8, '2018-02-07', '00:00:00', '00:00:00', '00:00:00', '00:00:00', 0),
(429, 3, '', 1, 1, '2018-02-07', '00:00:00', '00:00:00', '00:00:00', '00:00:00', 0),
(430, 3, '', 1, 1, '2018-02-07', '00:00:00', '00:00:00', '00:00:00', '00:00:00', 0),
(431, 3, '', 1, 1, '2018-02-07', '00:00:00', '00:00:00', '00:00:00', '00:00:00', 0),
(432, 3, 'aaa', 1, 8, '2018-02-07', '00:00:00', '00:00:00', '00:00:00', '00:00:00', 0),
(433, 3, '', 1, 1, '2018-02-07', '00:00:00', '00:00:00', '00:00:00', '00:00:00', 0),
(434, 3, 'sa', 1, 1, '2018-02-07', '00:00:00', '00:00:00', '00:00:00', '00:00:00', 0),
(435, 3, 'sss', 1, 1, '2018-02-07', '09:00:00', '09:20:00', '00:00:00', '00:20:00', 1),
(436, 3, 'ssssssssssssssssssssssss', 2, 9, '2018-02-07', '09:20:00', '09:20:00', '00:00:00', '00:00:00', 1),
(437, 3, '', 1, 8, '2018-02-07', '09:20:00', '10:00:00', '00:00:00', '00:40:00', 0),
(438, 3, '授業見学', 1, 8, '2018-02-09', '08:50:00', '11:10:00', '00:00:00', '02:20:00', 0),
(439, 3, '教育センター', 1, 8, '2018-02-09', '11:10:00', '14:30:00', '01:00:00', '02:20:00', 0),
(440, 3, '検証', 1, 1, '2018-02-09', '09:00:00', '00:00:00', '00:00:00', '00:00:00', 1),
(441, 3, '開発', 1, 1, '2018-02-09', '09:00:00', '11:50:00', '00:00:00', '02:50:00', 1),
(442, 3, 'Hardlockey製造', 2, 9, '2018-02-09', '11:50:00', '15:20:00', '00:00:00', '03:30:00', 1),
(443, 3, '会議', 2, 9, '2018-02-09', '15:20:00', '18:10:00', '01:00:00', '01:50:00', 1),
(444, 3, '学校訪問', 1, 8, '2018-02-14', '08:50:00', '11:50:00', '00:00:00', '03:00:00', 0),
(445, 3, 'ああああ', 1, 1, '2018-02-22', '09:00:00', '09:20:00', '00:00:00', '00:20:00', 1),
(446, 3, 'いいいい', 2, 9, '2018-02-22', '09:20:00', '13:20:00', '00:00:00', '04:00:00', 0),
(447, 3, 'うううう', 1, 8, '2018-02-22', '13:20:00', '16:50:00', '00:00:00', '03:30:00', 0),
(448, 3, 'ええええ', 1, 1, '2018-02-22', '16:50:00', '19:00:00', '00:00:00', '02:10:00', 0),
(449, 3, 'おおおお', 1, 1, '2018-02-23', '09:00:00', '11:50:00', '00:00:00', '02:50:00', 0),
(450, 3, 'ああああ', 1, 1, '2018-02-23', '11:50:00', '14:00:00', '00:00:00', '02:10:00', 0),
(451, 3, 'aaaaaaaaaa', 1, 8, '2018-01-31', '09:00:00', '11:00:00', '00:00:00', '02:00:00', 1),
(452, 3, '不具合処理', 1, 1, '2018-02-20', '09:00:00', '13:00:00', '00:00:00', '04:00:00', 0),
(453, 3, '会議', 1, 8, '2018-02-14', '09:00:00', '12:30:00', '00:00:00', '03:30:00', 1),
(454, 3, '製造', 2, 9, '2018-02-14', '11:40:00', '15:00:00', '01:00:00', '02:20:00', 1),
(455, 3, 'あああ', 1, 8, '2018-02-16', '09:00:00', '11:50:00', '00:00:00', '02:50:00', 0),
(456, 3, 'sss', 1, 1, '2018-01-19', '09:00:00', '11:40:00', '00:00:00', '02:40:00', 0),
(457, 3, '会計', 1, 1, '2018-02-16', '00:00:00', '00:00:00', '00:00:00', '00:00:00', 1),
(458, 3, '会計', 1, 1, '2018-02-16', '09:00:00', '11:40:00', '00:00:00', '02:40:00', 0),
(459, 3, '業務', 1, 8, '2018-02-16', '11:40:00', '17:40:00', '00:00:00', '06:00:00', 0),
(460, 3, '会計', 1, 8, '2018-02-16', '17:40:00', '21:10:00', '00:00:00', '03:30:00', 0),
(461, 3, '研究', 6, 48, '2018-02-16', '00:00:00', '00:00:00', '00:00:00', '00:00:00', 0),
(462, 3, '作業', 1, 25, '2018-02-16', '00:00:00', '00:00:00', '00:00:00', '00:00:00', 0),
(463, 3, '開発', 1, 8, '2018-02-16', '00:00:00', '00:00:00', '00:00:00', '00:00:00', 0),
(464, 3, '', 1, 8, '2018-02-16', '00:00:00', '00:00:00', '00:00:00', '00:00:00', 0),
(465, 3, '', 1, 10, '2018-02-16', '00:00:00', '00:00:00', '00:00:00', '00:00:00', 0),
(466, 3, 'ｄ', 1, 8, '2018-02-16', '00:00:00', '00:00:00', '00:00:00', '00:00:00', 0),
(467, 3, 'ｄ', 3, 28, '2018-02-16', '00:00:00', '00:00:00', '00:00:00', '00:00:00', 0),
(468, 3, 'ｓ', 1, 1, '2018-02-16', '00:00:00', '00:00:00', '00:00:00', '00:00:00', 0),
(469, 3, 'ｄ', 1, 1, '2018-02-16', '00:00:00', '00:00:00', '00:00:00', '00:00:00', 0),
(470, 3, 'ｓ', 2, 9, '2018-02-16', '00:00:00', '00:00:00', '00:00:00', '00:00:00', 0),
(471, 3, 'ｄ', 1, 1, '2018-02-16', '00:00:00', '00:00:00', '00:00:00', '00:00:00', 0),
(472, 3, 'あああ', 1, 8, '2018-02-16', '00:00:00', '00:00:00', '00:00:00', '00:00:00', 0),
(473, 3, '', 1, 1, '2018-02-16', '00:00:00', '00:00:00', '00:00:00', '00:00:00', 0),
(474, 3, '', 1, 1, '2018-02-16', '00:00:00', '00:00:00', '00:00:00', '00:00:00', 0),
(475, 3, 'ｄｄｄ', 1, 8, '2018-02-16', '00:00:00', '00:00:00', '00:00:00', '00:00:00', 0),
(476, 3, 'あああああああああああああああああああああああああああああああああああああああああああああああああ', 4, 37, '2018-02-16', '00:00:00', '00:00:00', '00:00:00', '00:00:00', 1),
(477, 3, '会議', 1, 8, '2018-02-16', '09:00:00', '10:30:00', '00:50:00', '00:40:00', 0),
(478, 3, '', 2, 27, '2018-02-16', '00:00:00', '00:00:00', '00:00:00', '00:00:00', 0),
(479, 3, '作業＋', 1, 1, '2018-02-16', '00:00:00', '00:00:00', '00:00:00', '00:00:00', 0),
(480, 3, 'サポート', 1, 8, '2018-02-16', '00:00:00', '00:00:00', '00:00:00', '00:00:00', 0),
(481, 3, 'ｓｓあ', 1, 1, '2018-02-16', '00:00:00', '00:00:00', '00:00:00', '00:00:00', 0),
(482, 3, '', 1, 1, '2018-02-16', '00:00:00', '00:00:00', '00:00:00', '00:00:00', 0),
(483, 3, 'ｓｓ', 1, 8, '2018-02-16', '00:00:00', '00:00:00', '00:00:00', '00:00:00', 0),
(484, 3, '開発', 1, 1, '2018-02-16', '00:20:00', '00:30:00', '00:00:00', '00:10:00', 0),
(485, 3, 'コーディング', 1, 1, '2018-02-19', '00:00:00', '00:00:00', '00:00:00', '00:00:00', 0),
(486, 3, '管理', 1, 1, '2018-02-19', '00:00:00', '00:00:00', '00:00:00', '00:00:00', 1),
(487, 3, '企画', 1, 1, '2018-02-19', '00:00:00', '00:00:00', '00:00:00', '00:00:00', 0),
(488, 3, '製造', 1, 1, '2018-02-19', '00:00:00', '00:00:00', '00:00:00', '00:00:00', 0),
(489, 3, '作業', 1, 1, '2018-02-19', '00:00:00', '00:00:00', '00:00:00', '00:00:00', 0),
(490, 3, 'レビュー', 1, 1, '2018-02-19', '00:00:00', '00:00:00', '00:00:00', '00:00:00', 1),
(491, 3, 'レビュー', 1, 1, '2018-02-19', '00:00:00', '00:00:00', '00:00:00', '00:00:00', 1),
(492, 3, 'レビュー', 1, 1, '2018-02-19', '00:00:00', '00:00:00', '00:00:00', '00:00:00', 1),
(493, 3, '企画', 1, 1, '2018-02-19', '00:00:00', '00:00:00', '00:00:00', '00:00:00', 1),
(494, 3, '勉強', 3, 28, '2018-02-19', '00:00:00', '00:00:00', '00:00:00', '00:00:00', 0),
(495, 3, 'サポート', 1, 1, '2018-02-19', '00:00:00', '00:00:00', '00:00:00', '00:00:00', 0),
(496, 3, '', 1, 1, '2018-02-19', '00:00:00', '00:00:00', '00:00:00', '00:00:00', 0),
(497, 3, '', 1, 1, '2018-02-19', '08:50:00', '00:00:00', '00:00:00', '00:00:00', 1),
(498, 3, 'コーディング', 1, 1, '2018-02-19', '00:00:00', '09:00:00', '00:00:00', '00:00:00', 0),
(499, 3, '', 1, 1, '2018-02-19', '08:50:00', '00:00:00', '00:00:00', '00:00:00', 1),
(500, 3, '', 1, 1, '2018-02-19', '08:50:00', '00:00:00', '00:00:00', '00:00:00', 0),
(501, 3, '', 1, 1, '2018-02-19', '08:50:00', '00:00:00', '00:00:00', '00:00:00', 0),
(502, 3, '', 1, 1, '2018-02-19', '08:50:00', '00:00:00', '00:00:00', '00:00:00', 0),
(503, 3, '', 1, 1, '2018-02-19', '09:00:00', '00:00:00', '00:00:00', '00:00:00', 0),
(504, 3, '', 1, 1, '2018-02-19', '08:50:00', '00:00:00', '00:00:00', '00:00:00', 1),
(505, 3, 'a', 1, 1, '2018-02-19', '09:00:00', '09:20:00', '00:00:00', '00:20:00', 0),
(506, 3, 's', 1, 1, '2018-02-19', '08:50:00', '09:10:00', '00:00:00', '00:20:00', 0),
(507, 3, '作業', 1, 1, '2018-02-19', '09:00:00', '10:40:00', '00:00:00', '01:40:00', 0),
(508, 3, '会議', 1, 1, '2018-02-19', '08:50:00', '12:30:00', '00:00:00', '03:40:00', 0),
(509, 3, '', 1, 1, '2018-02-19', '00:00:00', '11:40:00', '00:00:00', '02:50:00', 0),
(510, 3, '', 2, 9, '2018-02-19', '08:50:00', '06:30:00', '00:00:00', '00:00:00', 0),
(511, 3, '', 1, 1, '0000-00-00', '08:50:00', '11:10:00', '00:00:00', '02:20:00', 0),
(512, 3, '作業', 1, 1, '2018-02-20', '09:00:00', '11:10:00', '00:00:00', '02:10:00', 0),
(513, 3, '', 1, 1, '0000-00-00', '00:00:00', '08:20:00', '00:00:00', '00:00:00', 0),
(514, 3, '開発', 1, 1, '2018-02-20', '09:00:00', '09:00:00', '00:00:00', '00:00:00', 0),
(515, 3, 'ボタン押せない', 1, 1, '2018-02-23', '08:50:00', '09:00:00', '00:00:00', '00:10:00', 0),
(516, 3, 'HLK', 1, 1, '2018-02-26', '09:00:00', '11:10:00', '00:00:00', '02:10:00', 0),
(517, 3, '開発', 1, 26, '2018-02-26', '09:00:00', '11:20:00', '00:00:00', '02:20:00', 0),
(518, 3, '業務処理', 1, 1, '2018-02-26', '11:20:00', '13:00:00', '00:00:00', '01:40:00', 0),
(519, 3, '会議', 1, 1, '2018-02-27', '09:00:00', '11:10:00', '00:00:00', '02:10:00', 0),
(520, 3, '作業', 1, 1, '2018-02-27', '09:00:00', '11:20:00', '01:00:00', '01:20:00', 0),
(521, 3, '開発', 1, 1, '2018-02-27', '11:20:00', '14:10:00', '00:00:00', '02:50:00', 0),
(522, 3, '事務', 1, 1, '2018-02-27', '09:00:00', '09:10:00', '00:00:00', '00:10:00', 0),
(523, 3, 'ｓｓｓ', 1, 1, '2018-02-27', '09:00:00', '09:30:00', '00:00:00', '00:30:00', 0),
(524, 3, '練習', 1, 1, '2018-02-27', '09:00:00', '09:30:00', '00:00:00', '00:30:00', 0),
(525, 3, '勉強', 1, 1, '2018-02-27', '09:00:00', '09:10:00', '00:00:00', '00:10:00', 0),
(526, 3, 'PS', 2, 27, '2018-02-27', '11:20:00', '12:40:00', '00:00:00', '01:20:00', 0),
(527, 3, 'andT', 1, 1, '2018-02-27', '09:00:00', '11:20:00', '00:00:00', '02:20:00', 0),
(528, 3, 'ss', 1, 1, '2018-02-27', '09:00:00', '09:00:00', '00:00:00', '00:00:00', 0),
(529, 3, 'ddd', 1, 1, '2018-02-27', '09:00:00', '09:00:00', '00:00:00', '00:00:00', 0),
(530, 3, 'lesson', 1, 1, '2018-02-27', '09:00:00', '09:00:00', '00:00:00', '00:00:00', 0),
(531, 3, 'dd', 1, 1, '2018-02-27', '08:50:00', '10:30:00', '00:00:00', '01:40:00', 0),
(532, 3, 'aa', 1, 1, '2018-02-27', '09:00:00', '10:40:00', '00:00:00', '01:40:00', 0),
(533, 3, 's', 1, 1, '2018-02-27', '08:50:00', '11:00:00', '00:00:00', '02:10:00', 0),
(534, 3, 'dd', 4, 36, '2018-02-27', '11:00:00', '11:20:00', '00:00:00', '00:20:00', 0),
(535, 3, 'ss', 1, 1, '2018-02-27', '09:00:00', '09:20:00', '00:00:00', '00:20:00', 0),
(536, 3, 'd', 4, 36, '2018-02-27', '09:20:00', '09:40:00', '00:00:00', '00:20:00', 0),
(537, 3, 'ss', 4, 36, '2018-02-27', '09:00:00', '09:20:00', '00:00:00', '00:20:00', 0),
(538, 3, 'tr', 1, 1, '2018-02-27', '09:00:00', '09:10:00', '00:00:00', '00:10:00', 0),
(539, 3, 'dd', 1, 1, '2018-02-27', '09:10:00', '11:20:00', '00:00:00', '02:10:00', 0),
(540, 3, 'ded', 1, 10, '2018-02-27', '09:00:00', '09:10:00', '00:00:00', '00:10:00', 0),
(541, 3, 's', 1, 8, '2018-02-27', '09:00:00', '09:00:00', '00:00:00', '00:00:00', 0),
(542, 3, 'c', 1, 1, '2018-02-27', '08:50:00', '09:10:00', '00:00:00', '00:20:00', 0),
(543, 3, 'x', 1, 1, '2018-02-27', '09:00:00', '09:20:00', '00:00:00', '00:20:00', 0),
(544, 3, 'd', 1, 8, '2018-02-27', '09:00:00', '09:20:00', '00:00:00', '00:20:00', 1),
(545, 3, 'x', 1, 1, '2018-02-27', '09:20:00', '12:20:00', '00:00:00', '03:00:00', 0),
(546, 3, 'd', 1, 1, '2018-02-27', '08:50:00', '09:20:00', '00:00:00', '00:30:00', 1),
(547, 3, '障害対応', 1, 1, '2018-02-28', '09:00:00', '12:00:00', '00:00:00', '03:00:00', 0),
(548, 3, '勉強', 5, 46, '2018-02-28', '12:00:00', '15:00:00', '00:00:00', '03:00:00', 0),
(549, 3, 'ああ', 1, 1, '2018-02-28', '09:00:00', '12:00:00', '00:00:00', '03:00:00', 0),
(550, 3, 'ｓｓ', 1, 1, '2018-02-28', '09:00:00', '09:20:00', '00:00:00', '00:20:00', 1),
(551, 3, 'ｄｄ', 1, 1, '2018-02-28', '08:50:00', '09:20:00', '00:00:00', '00:30:00', 0),
(552, 3, 'ああ', 1, 1, '2018-02-28', '09:00:00', '09:20:00', '00:00:00', '00:20:00', 0),
(553, 3, 'test', 1, 1, '2018-02-28', '09:00:00', '10:50:00', '00:00:00', '01:50:00', 0),
(554, 3, 'ｃｃ', 1, 1, '2018-02-28', '09:00:00', '09:10:00', '00:00:00', '00:10:00', 1),
(555, 3, 'ｆｆ', 1, 1, '2018-02-28', '09:00:00', '09:20:00', '00:00:00', '00:20:00', 0),
(556, 3, 'ｄ', 1, 1, '2018-02-28', '09:00:00', '09:30:00', '00:00:00', '00:30:00', 0),
(557, 3, 'ｄ', 1, 1, '2018-02-28', '09:00:00', '09:20:00', '00:00:00', '00:20:00', 0),
(558, 3, 'ｄ', 2, 9, '2018-02-28', '09:00:00', '09:10:00', '00:00:00', '00:10:00', 0),
(559, 3, 'ｄｄ', 1, 1, '2018-02-28', '09:00:00', '09:20:00', '00:00:00', '00:20:00', 0),
(560, 3, 'ｋｊ', 1, 1, '2018-02-28', '08:50:00', '09:20:00', '00:00:00', '00:30:00', 0),
(561, 3, 'ｆｆ', 1, 1, '2018-02-28', '09:00:00', '09:20:00', '00:00:00', '00:20:00', 0),
(562, 3, 'ｄ', 1, 1, '2018-02-28', '09:00:00', '09:10:00', '00:00:00', '00:10:00', 0),
(563, 3, 'ｄ', 2, 9, '2018-02-28', '09:00:00', '09:30:00', '00:00:00', '00:30:00', 0),
(564, 3, 'ｄ', 1, 1, '2018-02-28', '08:50:00', '09:10:00', '00:00:00', '00:20:00', 0),
(565, 3, 'ｄ', 1, 1, '2018-02-28', '09:00:00', '09:10:00', '00:00:00', '00:10:00', 0),
(566, 3, 'ｓ', 1, 1, '2018-02-28', '09:00:00', '09:20:00', '00:00:00', '00:20:00', 0),
(567, 3, 'ｄ', 2, 9, '2018-02-28', '09:00:00', '09:10:00', '00:00:00', '00:10:00', 0),
(568, 3, 'ｄ', 1, 1, '2018-02-28', '09:00:00', '09:20:00', '00:00:00', '00:20:00', 0),
(569, 3, 'ｄ', 1, 1, '2018-02-28', '09:00:00', '09:20:00', '00:00:00', '00:20:00', 0),
(570, 3, 'ｓ', 1, 1, '2018-02-28', '09:00:00', '09:20:00', '00:00:00', '00:20:00', 0),
(571, 3, 'ｄｄｄ', 4, 41, '2018-02-28', '08:50:00', '10:30:00', '00:00:00', '01:40:00', 0),
(572, 3, '作業', 1, 1, '2018-02-28', '09:00:00', '09:20:00', '00:00:00', '00:20:00', 0),
(573, 3, 'あああ', 4, 41, '2018-02-28', '09:00:00', '11:50:00', '00:00:00', '02:50:00', 0),
(574, 3, 'ｄｄｄ', 2, 9, '2018-02-28', '08:50:00', '09:10:00', '00:00:00', '00:20:00', 0),
(575, 3, 'ｄ', 1, 1, '2018-02-28', '09:00:00', '09:20:00', '00:00:00', '00:20:00', 0),
(576, 3, 'ｄ', 1, 1, '2018-02-28', '09:00:00', '09:20:00', '00:00:00', '00:20:00', 0),
(577, 3, '調査', 1, 1, '2018-02-28', '08:50:00', '10:30:00', '00:00:00', '01:40:00', 0),
(578, 3, '開発', 4, 36, '2018-02-28', '09:00:00', '09:20:00', '00:00:00', '00:20:00', 0),
(579, 3, '検証', 2, 9, '2018-02-28', '09:00:00', '13:50:00', '01:00:00', '03:50:00', 0),
(581, 3, 'jj', 1, 1, '2018-03-01', '09:00:00', '09:20:00', '00:00:00', '00:20:00', 0),
(582, 3, 'あああ', 2, 9, '2018-03-01', '08:50:00', '09:10:00', '00:00:00', '00:20:00', 1),
(583, 3, '海老名調査', 5, 46, '2018-03-05', '09:00:00', '12:00:00', '00:00:00', '03:00:00', 0),
(584, 3, 'SQ2 1600 α検証', 5, 46, '2018-03-05', '13:00:00', '18:00:00', '00:00:00', '05:00:00', 0),
(585, 3, '会議', 5, 46, '2018-03-12', '09:00:00', '10:00:00', '00:00:00', '01:00:00', 0),
(586, 3, '開発', 1, 26, '2018-03-12', '10:00:00', '16:50:00', '01:00:00', '05:50:00', 0),
(587, 8, '報告書作成', 5, 43, '2018-03-15', '09:00:00', '10:30:00', '00:00:00', '01:30:00', 1),
(588, 8, '報告書作成', 5, 43, '2018-03-15', '09:00:00', '10:00:00', '00:00:00', '01:00:00', 1),
(589, 8, '海老名調査', 3, 28, '2018-03-15', '10:00:00', '11:10:00', '00:00:00', '01:10:00', 1),
(590, 9, '報告書作成', 5, 43, '2018-03-15', '09:00:00', '10:30:00', '00:00:00', '01:30:00', 1);
INSERT INTO `sample` (`work_id`, `Userid`, `obj`, `master_code`, `sub_code`, `day`, `start`, `ends`, `break`, `sumtime`, `del`) VALUES
(591, 9, 'ｓｓ', 1, 17, '2018-03-15', '10:00:00', '10:30:00', '00:00:00', '00:30:00', 0),
(592, 3, '管理', 1, 1, '2018-03-23', '09:00:00', '10:00:00', '00:00:00', '01:00:00', 0),
(593, 3, 'あああ', 1, 1, '2018-03-23', '09:00:00', '11:20:00', '00:00:00', '02:20:00', 0),
(594, 3, 'ｓｓ', 1, 8, '2018-03-23', '09:00:00', '09:10:00', '00:00:00', '00:10:00', 0),
(595, 3, 'ｘｘ', 1, 1, '2018-03-23', '09:30:00', '11:30:00', '00:00:00', '02:00:00', 0),
(596, 3, 'ｘｘ', 1, 1, '2018-03-23', '08:50:00', '11:20:00', '00:00:00', '02:30:00', 0),
(597, 3, 'あああ', 1, 1, '2018-03-23', '09:00:00', '11:40:00', '00:00:00', '02:40:00', 0),
(598, 3, 'sss', 1, 8, '2018-03-23', '09:00:00', '11:10:00', '00:00:00', '02:10:00', 0),
(599, 3, '会議', 5, 45, '2018-03-23', '09:00:00', '11:30:00', '00:00:00', '02:30:00', 0),
(600, 3, 'あんどてぃ', 1, 1, '2018-03-23', '11:20:00', '14:20:00', '00:00:00', '03:00:00', 0),
(601, 3, 'ｓｓｓｓｓｓｓｓｓｓｓｓｓｓｓｓｓｓｓｓｓｓｓｓｓｓｓｓｓｓ', 1, 11, '2018-03-23', '14:20:00', '16:40:00', '00:00:00', '02:20:00', 0),
(602, 3, 'ｓｓ', 1, 12, '2018-03-23', '09:00:00', '09:20:00', '00:00:00', '00:20:00', 0),
(603, 3, 'ｓｓ', 1, 8, '2018-03-23', '09:00:00', '09:20:00', '00:00:00', '00:20:00', 0),
(604, 3, 'ｚｚ', 2, 27, '2018-03-23', '09:20:00', '09:50:00', '00:00:00', '00:30:00', 0),
(605, 3, 'ｋｋ', 5, 44, '2018-03-23', '09:00:00', '09:20:00', '00:00:00', '00:20:00', 0),
(606, 3, '開発', 1, 1, '2018-03-23', '09:00:00', '10:40:00', '00:00:00', '01:40:00', 0),
(607, 3, 'ｓ', 1, 1, '2018-03-23', '08:50:00', '09:10:00', '00:00:00', '00:20:00', 0),
(608, 3, 'ああ', 1, 19, '2018-03-23', '09:10:00', '09:30:00', '00:00:00', '00:20:00', 1),
(609, 3, '開発', 1, 1, '2018-03-23', '09:30:00', '11:50:00', '00:00:00', '02:20:00', 0),
(610, 3, 'ｄ', 1, 1, '2018-03-23', '09:00:00', '09:20:00', '00:00:00', '00:20:00', 0),
(611, 3, 'ｄ', 1, 1, '2018-03-23', '09:00:00', '09:20:00', '00:00:00', '00:20:00', 0),
(612, 3, 'ｓ', 1, 1, '2018-03-23', '08:50:00', '09:10:00', '00:00:00', '00:20:00', 0),
(613, 3, 'ｓ', 1, 1, '2018-03-23', '08:50:00', '09:10:00', '00:00:00', '00:20:00', 0),
(614, 3, 'ｄｄｄ', 1, 1, '2018-03-23', '09:10:00', '10:50:00', '00:00:00', '01:40:00', 0),
(615, 3, 'ｄ', 1, 1, '2018-03-23', '09:00:00', '09:10:00', '00:00:00', '00:10:00', 0),
(616, 3, 'ｘｘ', 1, 10, '2018-03-23', '09:10:00', '12:10:00', '00:00:00', '03:00:00', 0),
(617, 3, 'ｓ', 1, 8, '2018-03-23', '08:50:00', '09:10:00', '00:00:00', '00:20:00', 0),
(618, 3, 'ｘｘｘ', 1, 8, '2018-03-23', '09:10:00', '09:30:00', '00:00:00', '00:20:00', 0),
(619, 3, 'あｓｓ', 1, 1, '2018-03-23', '08:50:00', '11:30:00', '00:00:00', '02:40:00', 0),
(620, 3, 'ｓｓ', 1, 8, '2018-03-23', '09:00:00', '09:10:00', '00:00:00', '00:10:00', 0),
(621, 3, 'ｄｘ', 1, 8, '2018-03-23', '09:10:00', '09:40:00', '00:00:00', '00:30:00', 0),
(622, 3, 'ｄｄ', 1, 10, '2018-03-23', '09:00:00', '09:30:00', '00:00:00', '00:30:00', 1),
(623, 3, 'んｍんｍ', 1, 10, '2018-03-23', '09:30:00', '09:40:00', '00:00:00', '00:10:00', 1),
(624, 3, 'ｃｃｃ', 1, 8, '2018-03-23', '09:40:00', '10:00:00', '00:00:00', '00:20:00', 0),
(625, 3, 'ｖｖ', 1, 1, '2018-03-23', '09:00:00', '09:30:00', '00:00:00', '00:30:00', 0),
(626, 3, '製造', 1, 25, '2018-03-26', '09:00:00', '12:00:00', '00:00:00', '03:00:00', 1),
(627, 3, 'aaa', 1, 11, '2018-03-26', '12:00:00', '14:20:00', '00:00:00', '02:20:00', 1),
(628, 3, 'ss', 1, 1, '2018-03-26', '08:50:00', '09:20:00', '00:00:00', '00:30:00', 1),
(629, 3, 'hhh', 2, 9, '2018-03-26', '09:00:00', '09:30:00', '00:00:00', '00:30:00', 1),
(630, 3, 'k', 1, 1, '2018-03-26', '08:50:00', '09:30:00', '00:00:00', '00:40:00', 1),
(631, 3, 'j', 1, 1, '2018-03-26', '09:00:00', '09:10:00', '00:00:00', '00:10:00', 1),
(632, 3, 'd', 1, 8, '2018-03-26', '09:00:00', '09:10:00', '00:00:00', '00:10:00', 0),
(633, 3, 's', 1, 11, '2018-03-26', '09:00:00', '09:10:00', '00:00:00', '00:10:00', 0),
(634, 3, 'ss', 1, 8, '2018-03-26', '09:00:00', '09:10:00', '00:00:00', '00:10:00', 0),
(635, 3, '会議', 1, 1, '2018-03-26', '09:10:00', '20:50:00', '00:00:00', '11:40:00', 0),
(636, 3, 'ｘ', 1, 1, '2018-03-26', '09:00:00', '09:20:00', '00:00:00', '00:20:00', 1),
(637, 3, 'ｈ', 1, 1, '2018-03-26', '09:00:00', '09:20:00', '00:00:00', '00:20:00', 1),
(638, 3, 'ｍ', 1, 1, '2018-03-26', '09:20:00', '09:30:00', '00:00:00', '00:10:00', 0),
(639, 3, 'ｄ', 1, 1, '2018-03-26', '09:00:00', '09:10:00', '00:00:00', '00:10:00', 1),
(640, 3, 'kk', 1, 10, '2018-03-26', '09:00:00', '09:10:00', '00:00:00', '00:10:00', 0),
(641, 3, 'dd', 1, 10, '2018-03-26', '08:50:00', '09:10:00', '00:00:00', '00:20:00', 0),
(642, 3, 'd', 1, 1, '2018-03-26', '09:00:00', '09:10:00', '00:00:00', '00:10:00', 0),
(643, 3, 'd', 1, 1, '2018-03-26', '09:00:00', '09:30:00', '00:00:00', '00:30:00', 0),
(644, 3, 'dd', 1, 1, '2018-03-26', '09:00:00', '09:20:00', '00:00:00', '00:20:00', 0),
(645, 3, 'k', 1, 1, '2018-03-26', '09:00:00', '09:20:00', '00:00:00', '00:20:00', 0),
(646, 3, 'v', 1, 1, '2018-03-26', '09:00:00', '09:20:00', '00:00:00', '00:20:00', 0),
(647, 3, 'ｄ', 1, 8, '2018-03-26', '09:00:00', '09:20:00', '00:00:00', '00:20:00', 0),
(648, 3, 'ｓｓ', 1, 1, '2018-03-26', '09:00:00', '09:20:00', '00:00:00', '00:20:00', 1),
(649, 3, 'ｄ', 1, 8, '2018-03-26', '09:00:00', '09:10:00', '00:00:00', '00:10:00', 1),
(650, 3, 'ｌ', 1, 1, '2018-03-26', '09:00:00', '09:20:00', '00:00:00', '00:20:00', 0),
(651, 3, 'ｖ', 1, 1, '2018-03-26', '09:00:00', '09:10:00', '00:00:00', '00:10:00', 0),
(652, 3, 'ｍｍ', 2, 9, '2018-03-26', '09:00:00', '09:20:00', '00:00:00', '00:20:00', 0),
(653, 3, 'ｄｄｄ', 1, 8, '2018-03-26', '09:00:00', '09:20:00', '00:00:00', '00:20:00', 0),
(654, 3, 'ｓ', 1, 10, '2018-03-26', '09:00:00', '09:30:00', '00:00:00', '00:30:00', 0),
(655, 3, 'ｄ', 1, 10, '2018-03-26', '09:00:00', '09:30:00', '00:00:00', '00:30:00', 0),
(656, 3, 'ｚｚ', 1, 1, '2018-03-26', '09:00:00', '09:30:00', '00:00:00', '00:30:00', 1),
(657, 3, 'dd', 1, 10, '2018-03-26', '09:00:00', '11:20:00', '00:00:00', '02:20:00', 0),
(658, 3, 'd', 1, 1, '2018-03-26', '09:00:00', '09:30:00', '00:00:00', '00:30:00', 0),
(659, 3, 'd', 1, 11, '2018-03-26', '09:00:00', '09:20:00', '00:00:00', '00:20:00', 0),
(660, 3, 'dd', 1, 11, '2018-03-26', '09:10:00', '09:30:00', '00:00:00', '00:20:00', 0),
(661, 3, 'd', 1, 8, '2018-03-26', '09:00:00', '09:30:00', '00:00:00', '00:30:00', 0),
(662, 3, 'ｓ', 1, 1, '2018-03-26', '09:10:00', '09:20:00', '00:00:00', '00:10:00', 0),
(663, 3, 'ｈｈｈ', 1, 11, '2018-03-26', '09:00:00', '11:50:00', '00:00:00', '02:50:00', 0),
(664, 3, 'ｄ', 1, 8, '2018-03-26', '09:00:00', '09:30:00', '00:00:00', '00:30:00', 0),
(665, 3, 'ｄｄ', 1, 8, '2018-03-26', '08:50:00', '09:20:00', '00:00:00', '00:30:00', 0),
(666, 3, 'ｘ', 1, 8, '2018-03-26', '09:00:00', '09:30:00', '00:00:00', '00:30:00', 0),
(667, 3, 'ｓ', 1, 1, '2018-03-26', '09:10:00', '11:10:00', '00:00:00', '02:00:00', 0),
(668, 3, '', 1, 8, '2018-03-26', '09:00:00', '12:00:00', '00:00:00', '03:00:00', 0),
(669, 3, 'ｄ', 2, 9, '2018-03-26', '09:00:00', '09:10:00', '00:00:00', '00:10:00', 0),
(670, 3, 'ｆ', 1, 8, '2018-03-26', '09:00:00', '09:20:00', '00:00:00', '00:20:00', 0),
(671, 3, 'ｗ', 1, 1, '2018-03-26', '09:00:00', '09:30:00', '00:00:00', '00:30:00', 0),
(672, 3, 'ｄ', 1, 8, '2018-03-26', '09:00:00', '09:10:00', '00:00:00', '00:10:00', 0),
(673, 3, 'ｄｄ', 1, 8, '2018-03-26', '09:10:00', '11:20:00', '00:00:00', '02:10:00', 0),
(674, 3, 'ｄｄ', 1, 1, '2018-03-26', '09:00:00', '11:00:00', '00:00:00', '02:00:00', 0),
(675, 3, 'ｄｄ', 1, 1, '2018-03-26', '09:00:00', '11:20:00', '00:00:00', '02:20:00', 0),
(676, 3, 'ｄｄ', 1, 8, '2018-03-26', '09:00:00', '11:20:00', '00:00:00', '02:20:00', 0),
(677, 3, 'あ', 1, 10, '2018-03-26', '09:00:00', '11:20:00', '00:00:00', '02:20:00', 0),
(678, 3, 'ｄ', 1, 1, '2018-03-26', '09:00:00', '09:20:00', '00:00:00', '00:20:00', 0),
(679, 3, 'ｓｓ', 1, 8, '2018-03-26', '08:50:00', '09:20:00', '00:00:00', '00:30:00', 0),
(680, 3, 'ｄｄ', 1, 8, '2018-03-26', '09:00:00', '11:50:00', '00:00:00', '02:50:00', 0),
(681, 3, '５', 1, 1, '2018-03-26', '09:00:00', '11:00:00', '00:00:00', '02:00:00', 0),
(682, 3, 'ff', 1, 10, '2018-03-26', '09:00:00', '11:10:00', '00:00:00', '02:10:00', 0),
(683, 3, 'aaa', 1, 10, '2018-03-26', '09:00:00', '11:20:00', '00:00:00', '02:20:00', 0),
(684, 3, 'aaa', 1, 24, '2018-03-26', '08:50:00', '11:00:00', '00:00:00', '02:10:00', 1);

-- --------------------------------------------------------

--
-- テーブルの構造 `test`
--

CREATE TABLE `test` (
  `ID` int(11) NOT NULL,
  `name` text NOT NULL,
  `color` text NOT NULL,
  `drink` text NOT NULL
) ENGINE=InnoDB DEFAULT CHARSET=latin1;

--
-- テーブルのデータのダンプ `test`
--

INSERT INTO `test` (`ID`, `name`, `color`, `drink`) VALUES
(1, 'Jon', 'Red', 'Orange'),
(1, 'Jon', 'Red', 'Orange'),
(2, 'JIRO', 'Blue', 'Apple'),
(4, 'shiro', 'gray', 'otya'),
(4, 'shiro', 'gray', 'otya'),
(4, 'shiro', 'gray', 'otya'),
(5, 'goromaru', 'mizuiro', 'mizu'),
(5, 'goromaru', 'mizuiro', 'mizu'),
(6, 'fgsd', 'fd', 'gfh'),
(0, '0', '0', '0'),
(7, 'ura', 'ao', 'calpis'),
(7, 'ura', 'ao', 'calpis'),
(543, 'test', 'pink', 'cola'),
(543, 'test', 'pink', 'cola'),
(222, 'test3', 'orange', 'water');

-- --------------------------------------------------------

--
-- テーブルの構造 `work_code`
--

CREATE TABLE `work_code` (
  `days` date NOT NULL
) ENGINE=InnoDB DEFAULT CHARSET=latin1;

--
-- テーブルのデータのダンプ `work_code`
--

INSERT INTO `work_code` (`days`) VALUES
('0000-00-00'),
('2017-09-12'),
('0000-00-00'),
('2017-12-11'),
('2017-12-12');

--
-- Indexes for dumped tables
--

--
-- Indexes for table `code_master`
--
ALTER TABLE `code_master`
  ADD PRIMARY KEY (`cdmst_id`);

--
-- Indexes for table `dbcode`
--
ALTER TABLE `dbcode`
  ADD PRIMARY KEY (`code_id`),
  ADD KEY `master` (`master_id`);

--
-- Indexes for table `petauser`
--
ALTER TABLE `petauser`
  ADD PRIMARY KEY (`Uid`);

--
-- Indexes for table `sample`
--
ALTER TABLE `sample`
  ADD PRIMARY KEY (`work_id`),
  ADD KEY `master_id` (`master_code`),
  ADD KEY `sub_id` (`sub_code`),
  ADD KEY `user_id` (`Userid`);

--
-- AUTO_INCREMENT for dumped tables
--

--
-- AUTO_INCREMENT for table `dbcode`
--
ALTER TABLE `dbcode`
  MODIFY `code_id` int(11) NOT NULL AUTO_INCREMENT, AUTO_INCREMENT=49;
--
-- AUTO_INCREMENT for table `petauser`
--
ALTER TABLE `petauser`
  MODIFY `Uid` int(11) NOT NULL AUTO_INCREMENT, AUTO_INCREMENT=10;
--
-- AUTO_INCREMENT for table `sample`
--
ALTER TABLE `sample`
  MODIFY `work_id` int(11) NOT NULL AUTO_INCREMENT, AUTO_INCREMENT=685;
--
-- ダンプしたテーブルの制約
--

--
-- テーブルの制約 `dbcode`
--
ALTER TABLE `dbcode`
  ADD CONSTRAINT `master` FOREIGN KEY (`master_id`) REFERENCES `code_master` (`cdmst_id`);

--
-- テーブルの制約 `sample`
--
ALTER TABLE `sample`
  ADD CONSTRAINT `master_id` FOREIGN KEY (`master_code`) REFERENCES `code_master` (`cdmst_id`),
  ADD CONSTRAINT `sub_id` FOREIGN KEY (`sub_code`) REFERENCES `dbcode` (`code_id`),
  ADD CONSTRAINT `user_id` FOREIGN KEY (`Userid`) REFERENCES `petauser` (`Uid`);
COMMIT;

/*!40101 SET CHARACTER_SET_CLIENT=@OLD_CHARACTER_SET_CLIENT */;
/*!40101 SET CHARACTER_SET_RESULTS=@OLD_CHARACTER_SET_RESULTS */;
/*!40101 SET COLLATION_CONNECTION=@OLD_COLLATION_CONNECTION */;
